R,R,R,R,R,R,R,R,R,R,R,R,R,R,R,
R,R,R,R,R,R,R,R,R,R,R,R,R,R,R,
R,R,R,R,R,R,R,R,R,R,R,R,R,R,R,
R,R,R,R,R,R,R,R,R,R,R,R,R,R,R,
R,R,R,R,R,R,R,R,R,R,R,R,R,R,R,
R,R,R,R,R,R,R,R,R,R,R,R,R,R,R,
R,R,R,R,R,R,R,R,R,R,R,R,R,R,R,
R,R,R,R,R,R,R,R,R,R,R,R,R,R,R,
R,R,R,R,R,R,R,R,R,R,R,R,R,R,R,
R,R,R,R,R,R,R,R,R,R,R,R,R,R,R,
value,Cell(0,0) -0.52348,-,-,-,-,-,-,
R,R,R,R,R,R,R,R,R,R,R,R,R,R,R,
R,R,R,R,R,R,R,R,R,R,R,R,R,R,R,
R,R,R,R,R,R,R,R,R,R,R,R,R,R,R,
R,R,R,R,R,R,R,R,R,R,R,R,R,R,R,
R,R,R,R,R,R,R,R,R,R,R,R,R,R,R,
R,R,R,R,R,R,R,R,R,R,R,R,R,R,R,
R,R,R,R,R,R,R,R,R,R,R,R,R,R,R,
R,R,R,R,R,R,R,R,R,R,R,R,R,R,R,
R,R,R,R,R,R,R,R,R,R,R,R,R,R,R,
R,R,R,R,R,R,R,R,R,R,R,R,R,R,R,
value,Cell(0,1) -0.43819132,-,-,-,-,-,-,
R,R,R,R,R,R,R,R,R,R,R,R,R,R,R,
R,R,R,R,R,R,R,R,R,R,R,R,R,R,R,
R,R,R,R,R,R,R,R,R,R,R,R,R,R,R,
R,R,R,R,R,R,R,R,R,R,R,R,R,R,R,
R,R,R,R,R,R,R,R,R,R,R,R,R,R,R,
R,R,R,R,R,R,R,R,R,R,R,R,R,R,R,
R,R,R,R,R,R,R,R,R,R,R,R,R,R,R,
R,R,R,R,R,R,R,R,R,R,R,R,R,R,R,
R,R,R,R,R,R,R,R,R,R,R,R,R,R,R,
R,R,R,R,R,R,R,R,R,R,R,R,R,R,R,
value,Cell(0,2) -0.43742372188,-,-,-,-,-,-,
R,R,R,DR,R,R,R,R,R,R,R,R,R,R,R,
R,R,R,R,R,R,R,R,R,R,R,R,R,R,R,
R,R,R,R,R,R,R,R,R,R,R,R,R,R,R,
R,R,R,R,R,R,R,R,R,R,R,R,R,R,R,
R,R,R,R,R,R,R,R,R,R,R,R,R,R,R,
R,R,R,R,R,R,R,R,R,R,R,R,R,R,R,
R,R,R,R,R,R,R,R,R,R,R,R,R,R,R,
R,R,R,R,R,R,R,R,R,R,R,R,R,R,R,
R,R,R,R,R,R,R,R,R,R,R,R,R,R,R,
R,R,R,R,R,R,R,R,R,R,R,R,R,R,R,
value,Cell(0,3) -0.43741681349692,-,-,-,-,-,-,
R,R,R,DR,DL,R,R,R,R,R,R,R,R,R,R,
R,R,R,R,R,R,R,R,R,R,R,R,R,R,R,
R,R,R,R,R,R,R,R,R,R,R,R,R,R,R,
R,R,R,R,R,R,R,R,R,R,R,R,R,R,R,
R,R,R,R,R,R,R,R,R,R,R,R,R,R,R,
R,R,R,R,R,R,R,R,R,R,R,R,R,R,R,
R,R,R,R,R,R,R,R,R,R,R,R,R,R,R,
R,R,R,R,R,R,R,R,R,R,R,R,R,R,R,
R,R,R,R,R,R,R,R,R,R,R,R,R,R,R,
R,R,R,R,R,R,R,R,R,R,R,R,R,R,R,
value,Cell(0,4) -0.437416751321472,-,-,-,-,-,-,
R,R,R,DR,DL,R,R,R,R,R,R,R,R,R,R,
R,R,R,R,R,R,R,R,R,R,R,R,R,R,R,
R,R,R,R,R,R,R,R,R,R,R,R,R,R,R,
R,R,R,R,R,R,R,R,R,R,R,R,R,R,R,
R,R,R,R,R,R,R,R,R,R,R,R,R,R,R,
R,R,R,R,R,R,R,R,R,R,R,R,R,R,R,
R,R,R,R,R,R,R,R,R,R,R,R,R,R,R,
R,R,R,R,R,R,R,R,R,R,R,R,R,R,R,
R,R,R,R,R,R,R,R,R,R,R,R,R,R,R,
R,R,R,R,R,R,R,R,R,R,R,R,R,R,R,
value,Cell(0,6) -0.43384,-,-,-,-,-,-,
R,R,R,DR,DL,R,R,D,R,R,R,R,R,R,R,
R,R,R,R,R,R,R,R,R,R,R,R,R,R,R,
R,R,R,R,R,R,R,R,R,R,R,R,R,R,R,
R,R,R,R,R,R,R,R,R,R,R,R,R,R,R,
R,R,R,R,R,R,R,R,R,R,R,R,R,R,R,
R,R,R,R,R,R,R,R,R,R,R,R,R,R,R,
R,R,R,R,R,R,R,R,R,R,R,R,R,R,R,
R,R,R,R,R,R,R,R,R,R,R,R,R,R,R,
R,R,R,R,R,R,R,R,R,R,R,R,R,R,R,
R,R,R,R,R,R,R,R,R,R,R,R,R,R,R,
value,Cell(0,7) -0.34774456,-,-,-,-,-,-,
R,R,R,DR,DL,R,R,D,D,R,R,R,R,R,R,
R,R,R,R,R,R,R,R,R,R,R,R,R,R,R,
R,R,R,R,R,R,R,R,R,R,R,R,R,R,R,
R,R,R,R,R,R,R,R,R,R,R,R,R,R,R,
R,R,R,R,R,R,R,R,R,R,R,R,R,R,R,
R,R,R,R,R,R,R,R,R,R,R,R,R,R,R,
R,R,R,R,R,R,R,R,R,R,R,R,R,R,R,
R,R,R,R,R,R,R,R,R,R,R,R,R,R,R,
R,R,R,R,R,R,R,R,R,R,R,R,R,R,R,
R,R,R,R,R,R,R,R,R,R,R,R,R,R,R,
value,Cell(0,8) -0.43660970104,-,-,-,-,-,-,
R,R,R,DR,DL,R,R,D,D,DL,R,R,R,R,R,
R,R,R,R,R,R,R,R,R,R,R,R,R,R,R,
R,R,R,R,R,R,R,R,R,R,R,R,R,R,R,
R,R,R,R,R,R,R,R,R,R,R,R,R,R,R,
R,R,R,R,R,R,R,R,R,R,R,R,R,R,R,
R,R,R,R,R,R,R,R,R,R,R,R,R,R,R,
R,R,R,R,R,R,R,R,R,R,R,R,R,R,R,
R,R,R,R,R,R,R,R,R,R,R,R,R,R,R,
R,R,R,R,R,R,R,R,R,R,R,R,R,R,R,
R,R,R,R,R,R,R,R,R,R,R,R,R,R,R,
value,Cell(0,9) -0.43740948730936,-,-,-,-,-,-,
R,R,R,DR,DL,R,R,D,D,DL,R,R,R,R,R,
R,R,R,R,R,R,R,R,R,R,R,R,R,R,R,
R,R,R,R,R,R,R,R,R,R,R,R,R,R,R,
R,R,R,R,R,R,R,R,R,R,R,R,R,R,R,
R,R,R,R,R,R,R,R,R,R,R,R,R,R,R,
R,R,R,R,R,R,R,R,R,R,R,R,R,R,R,
R,R,R,R,R,R,R,R,R,R,R,R,R,R,R,
R,R,R,R,R,R,R,R,R,R,R,R,R,R,R,
R,R,R,R,R,R,R,R,R,R,R,R,R,R,R,
R,R,R,R,R,R,R,R,R,R,R,R,R,R,R,
value,Cell(0,10) -0.437416685385784,-,-,-,-,-,-,
R,R,R,DR,DL,R,R,D,D,DL,R,DL,R,R,R,
R,R,R,R,R,R,R,R,R,R,R,R,R,R,R,
R,R,R,R,R,R,R,R,R,R,R,R,R,R,R,
R,R,R,R,R,R,R,R,R,R,R,R,R,R,R,
R,R,R,R,R,R,R,R,R,R,R,R,R,R,R,
R,R,R,R,R,R,R,R,R,R,R,R,R,R,R,
R,R,R,R,R,R,R,R,R,R,R,R,R,R,R,
R,R,R,R,R,R,R,R,R,R,R,R,R,R,R,
R,R,R,R,R,R,R,R,R,R,R,R,R,R,R,
R,R,R,R,R,R,R,R,R,R,R,R,R,R,R,
value,Cell(0,11) -0.347776750168472,-,-,-,-,-,-,
R,R,R,DR,DL,R,R,D,D,DL,R,DL,DL,R,R,
R,R,R,R,R,R,R,R,R,R,R,R,R,R,R,
R,R,R,R,R,R,R,R,R,R,R,R,R,R,R,
R,R,R,R,R,R,R,R,R,R,R,R,R,R,R,
R,R,R,R,R,R,R,R,R,R,R,R,R,R,R,
R,R,R,R,R,R,R,R,R,R,R,R,R,R,R,
R,R,R,R,R,R,R,R,R,R,R,R,R,R,R,
R,R,R,R,R,R,R,R,R,R,R,R,R,R,R,
R,R,R,R,R,R,R,R,R,R,R,R,R,R,R,
R,R,R,R,R,R,R,R,R,R,R,R,R,R,R,
value,Cell(0,12) -0.346969990751516,-,-,-,-,-,-,
R,R,R,DR,DL,R,R,D,D,DL,R,DL,DL,R,R,
R,R,R,R,R,R,R,R,R,R,R,R,R,R,R,
R,R,R,R,R,R,R,R,R,R,R,R,R,R,R,
R,R,R,R,R,R,R,R,R,R,R,R,R,R,R,
R,R,R,R,R,R,R,R,R,R,R,R,R,R,R,
R,R,R,R,R,R,R,R,R,R,R,R,R,R,R,
R,R,R,R,R,R,R,R,R,R,R,R,R,R,R,
R,R,R,R,R,R,R,R,R,R,R,R,R,R,R,
R,R,R,R,R,R,R,R,R,R,R,R,R,R,R,
R,R,R,R,R,R,R,R,R,R,R,R,R,R,R,
value,Cell(0,13) 15.8854372700832,-,-,-,-,-,-,
R,R,R,DR,DL,R,R,D,D,DL,R,DL,DL,R,R,
DR,R,R,R,R,R,R,R,R,R,R,R,R,R,R,
R,R,R,R,R,R,R,R,R,R,R,R,R,R,R,
R,R,R,R,R,R,R,R,R,R,R,R,R,R,R,
R,R,R,R,R,R,R,R,R,R,R,R,R,R,R,
R,R,R,R,R,R,R,R,R,R,R,R,R,R,R,
R,R,R,R,R,R,R,R,R,R,R,R,R,R,R,
R,R,R,R,R,R,R,R,R,R,R,R,R,R,R,
R,R,R,R,R,R,R,R,R,R,R,R,R,R,R,
R,R,R,R,R,R,R,R,R,R,R,R,R,R,R,
value,Cell(1,0) -0.35213504188,-,-,-,-,-,-,
R,R,R,DR,DL,R,R,D,D,DL,R,DL,DL,R,R,
DR,DL,R,R,R,R,R,R,R,R,R,R,R,R,R,
R,R,R,R,R,R,R,R,R,R,R,R,R,R,R,
R,R,R,R,R,R,R,R,R,R,R,R,R,R,R,
R,R,R,R,R,R,R,R,R,R,R,R,R,R,R,
R,R,R,R,R,R,R,R,R,R,R,R,R,R,R,
R,R,R,R,R,R,R,R,R,R,R,R,R,R,R,
R,R,R,R,R,R,R,R,R,R,R,R,R,R,R,
R,R,R,R,R,R,R,R,R,R,R,R,R,R,R,
R,R,R,R,R,R,R,R,R,R,R,R,R,R,R,
value,Cell(1,1) -0.17924107075384,-,-,-,-,-,-,
R,R,R,DR,DL,R,R,D,D,DL,R,DL,DL,R,R,
DR,DL,R,D,R,R,R,R,R,R,R,R,R,R,R,
R,R,R,R,R,R,R,R,R,R,R,R,R,R,R,
R,R,R,R,R,R,R,R,R,R,R,R,R,R,R,
R,R,R,R,R,R,R,R,R,R,R,R,R,R,R,
R,R,R,R,R,R,R,R,R,R,R,R,R,R,R,
R,R,R,R,R,R,R,R,R,R,R,R,R,R,R,
R,R,R,R,R,R,R,R,R,R,R,R,R,R,R,
R,R,R,R,R,R,R,R,R,R,R,R,R,R,R,
R,R,R,R,R,R,R,R,R,R,R,R,R,R,R,
value,Cell(1,3) -0.175650315580286,-,-,-,-,-,-,
R,R,R,DR,DL,R,R,D,D,DL,R,DL,DL,R,R,
DR,DL,R,D,DL,R,R,R,R,R,R,R,R,R,R,
R,R,R,R,R,R,R,R,R,R,R,R,R,R,R,
R,R,R,R,R,R,R,R,R,R,R,R,R,R,R,
R,R,R,R,R,R,R,R,R,R,R,R,R,R,R,
R,R,R,R,R,R,R,R,R,R,R,R,R,R,R,
R,R,R,R,R,R,R,R,R,R,R,R,R,R,R,
R,R,R,R,R,R,R,R,R,R,R,R,R,R,R,
R,R,R,R,R,R,R,R,R,R,R,R,R,R,R,
R,R,R,R,R,R,R,R,R,R,R,R,R,R,R,
value,Cell(1,4) -0.262934354923588,-,-,-,-,-,-,
R,R,R,DR,DL,R,R,D,D,DL,R,DL,DL,R,R,
DR,DL,R,D,DL,DL,R,R,R,R,R,R,R,R,R,
R,R,R,R,R,R,R,R,R,R,R,R,R,R,R,
R,R,R,R,R,R,R,R,R,R,R,R,R,R,R,
R,R,R,R,R,R,R,R,R,R,R,R,R,R,R,
R,R,R,R,R,R,R,R,R,R,R,R,R,R,R,
R,R,R,R,R,R,R,R,R,R,R,R,R,R,R,
R,R,R,R,R,R,R,R,R,R,R,R,R,R,R,
R,R,R,R,R,R,R,R,R,R,R,R,R,R,R,
R,R,R,R,R,R,R,R,R,R,R,R,R,R,R,
value,Cell(1,5) -0.263687719956206,-,-,-,-,-,-,
R,R,R,DR,DL,R,R,D,D,DL,R,DL,DL,R,R,
DR,DL,R,D,DL,DL,R,R,R,R,R,R,R,R,R,
R,R,R,R,R,R,R,R,R,R,R,R,R,R,R,
R,R,R,R,R,R,R,R,R,R,R,R,R,R,R,
R,R,R,R,R,R,R,R,R,R,R,R,R,R,R,
R,R,R,R,R,R,R,R,R,R,R,R,R,R,R,
R,R,R,R,R,R,R,R,R,R,R,R,R,R,R,
R,R,R,R,R,R,R,R,R,R,R,R,R,R,R,
R,R,R,R,R,R,R,R,R,R,R,R,R,R,R,
R,R,R,R,R,R,R,R,R,R,R,R,R,R,R,
value,Cell(1,6) -0.262887450519606,-,-,-,-,-,-,
R,R,R,DR,DL,R,R,D,D,DL,R,DL,DL,R,R,
DR,DL,R,D,DL,DL,R,R,R,R,R,R,R,R,R,
R,R,R,R,R,R,R,R,R,R,R,R,R,R,R,
R,R,R,R,R,R,R,R,R,R,R,R,R,R,R,
R,R,R,R,R,R,R,R,R,R,R,R,R,R,R,
R,R,R,R,R,R,R,R,R,R,R,R,R,R,R,
R,R,R,R,R,R,R,R,R,R,R,R,R,R,R,
R,R,R,R,R,R,R,R,R,R,R,R,R,R,R,
R,R,R,R,R,R,R,R,R,R,R,R,R,R,R,
R,R,R,R,R,R,R,R,R,R,R,R,R,R,R,
value,Cell(1,7) -0.0871697354040365,-,-,-,-,-,-,
R,R,R,DR,DL,R,R,D,D,DL,R,DL,DL,R,R,
DR,DL,R,D,DL,DL,R,R,D,R,R,R,R,R,R,
R,R,R,R,R,R,R,R,R,R,R,R,R,R,R,
R,R,R,R,R,R,R,R,R,R,R,R,R,R,R,
R,R,R,R,R,R,R,R,R,R,R,R,R,R,R,
R,R,R,R,R,R,R,R,R,R,R,R,R,R,R,
R,R,R,R,R,R,R,R,R,R,R,R,R,R,R,
R,R,R,R,R,R,R,R,R,R,R,R,R,R,R,
R,R,R,R,R,R,R,R,R,R,R,R,R,R,R,
R,R,R,R,R,R,R,R,R,R,R,R,R,R,R,
value,Cell(1,8) -0.175260401353781,-,-,-,-,-,-,
R,R,R,DR,DL,R,R,D,D,DL,R,DL,DL,R,R,
DR,DL,R,D,DL,DL,R,R,D,R,DR,R,R,R,R,
R,R,R,R,R,R,R,R,R,R,R,R,R,R,R,
R,R,R,R,R,R,R,R,R,R,R,R,R,R,R,
R,R,R,R,R,R,R,R,R,R,R,R,R,R,R,
R,R,R,R,R,R,R,R,R,R,R,R,R,R,R,
R,R,R,R,R,R,R,R,R,R,R,R,R,R,R,
R,R,R,R,R,R,R,R,R,R,R,R,R,R,R,
R,R,R,R,R,R,R,R,R,R,R,R,R,R,R,
R,R,R,R,R,R,R,R,R,R,R,R,R,R,R,
value,Cell(1,10) -0.174843426305773,-,-,-,-,-,-,
R,R,R,DR,DL,R,R,D,D,DL,R,DL,DL,R,R,
DR,DL,R,D,DL,DL,R,R,D,R,DR,R,R,R,R,
R,R,R,R,R,R,R,R,R,R,R,R,R,R,R,
R,R,R,R,R,R,R,R,R,R,R,R,R,R,R,
R,R,R,R,R,R,R,R,R,R,R,R,R,R,R,
R,R,R,R,R,R,R,R,R,R,R,R,R,R,R,
R,R,R,R,R,R,R,R,R,R,R,R,R,R,R,
R,R,R,R,R,R,R,R,R,R,R,R,R,R,R,
R,R,R,R,R,R,R,R,R,R,R,R,R,R,R,
R,R,R,R,R,R,R,R,R,R,R,R,R,R,R,
value,Cell(1,11) -0.0856030616735039,-,-,-,-,-,-,
R,R,R,DR,DL,R,R,D,D,DL,R,DL,DL,R,R,
DR,DL,R,D,DL,DL,R,R,D,R,DR,R,UR,R,R,
R,R,R,R,R,R,R,R,R,R,R,R,R,R,R,
R,R,R,R,R,R,R,R,R,R,R,R,R,R,R,
R,R,R,R,R,R,R,R,R,R,R,R,R,R,R,
R,R,R,R,R,R,R,R,R,R,R,R,R,R,R,
R,R,R,R,R,R,R,R,R,R,R,R,R,R,R,
R,R,R,R,R,R,R,R,R,R,R,R,R,R,R,
R,R,R,R,R,R,R,R,R,R,R,R,R,R,R,
R,R,R,R,R,R,R,R,R,R,R,R,R,R,R,
value,Cell(1,12) 12.8183810405441,-,-,-,-,-,-,
R,R,R,DR,DL,R,R,D,D,DL,R,DL,DL,R,R,
DR,DL,R,D,DL,DL,R,R,D,R,DR,R,UR,UR,R,
R,R,R,R,R,R,R,R,R,R,R,R,R,R,R,
R,R,R,R,R,R,R,R,R,R,R,R,R,R,R,
R,R,R,R,R,R,R,R,R,R,R,R,R,R,R,
R,R,R,R,R,R,R,R,R,R,R,R,R,R,R,
R,R,R,R,R,R,R,R,R,R,R,R,R,R,R,
R,R,R,R,R,R,R,R,R,R,R,R,R,R,R,
R,R,R,R,R,R,R,R,R,R,R,R,R,R,R,
R,R,R,R,R,R,R,R,R,R,R,R,R,R,R,
value,Cell(1,13) 16.4134116348789,-,-,-,-,-,-,
R,R,R,DR,DL,R,R,D,D,DL,R,DL,DL,R,R,
DR,DL,R,D,DL,DL,R,R,D,R,DR,R,UR,UR,U,
R,R,R,R,R,R,R,R,R,R,R,R,R,R,R,
R,R,R,R,R,R,R,R,R,R,R,R,R,R,R,
R,R,R,R,R,R,R,R,R,R,R,R,R,R,R,
R,R,R,R,R,R,R,R,R,R,R,R,R,R,R,
R,R,R,R,R,R,R,R,R,R,R,R,R,R,R,
R,R,R,R,R,R,R,R,R,R,R,R,R,R,R,
R,R,R,R,R,R,R,R,R,R,R,R,R,R,R,
R,R,R,R,R,R,R,R,R,R,R,R,R,R,R,
value,Cell(1,14) 16.4496096401447,-,-,-,-,-,-,
R,R,R,DR,DL,R,R,D,D,DL,R,DL,DL,R,R,
DR,DL,R,D,DL,DL,R,R,D,R,DR,R,UR,UR,U,
DR,R,R,R,R,R,R,R,R,R,R,R,R,R,R,
R,R,R,R,R,R,R,R,R,R,R,R,R,R,R,
R,R,R,R,R,R,R,R,R,R,R,R,R,R,R,
R,R,R,R,R,R,R,R,R,R,R,R,R,R,R,
R,R,R,R,R,R,R,R,R,R,R,R,R,R,R,
R,R,R,R,R,R,R,R,R,R,R,R,R,R,R,
R,R,R,R,R,R,R,R,R,R,R,R,R,R,R,
R,R,R,R,R,R,R,R,R,R,R,R,R,R,R,
value,Cell(2,0) -0.348262385013704,-,-,-,-,-,-,
R,R,R,DR,DL,R,R,D,D,DL,R,DL,DL,R,R,
DR,DL,R,D,DL,DL,R,R,D,R,DR,R,UR,UR,U,
DR,D,R,R,R,R,R,R,R,R,R,R,R,R,R,
R,R,R,R,R,R,R,R,R,R,R,R,R,R,R,
R,R,R,R,R,R,R,R,R,R,R,R,R,R,R,
R,R,R,R,R,R,R,R,R,R,R,R,R,R,R,
R,R,R,R,R,R,R,R,R,R,R,R,R,R,R,
R,R,R,R,R,R,R,R,R,R,R,R,R,R,R,
R,R,R,R,R,R,R,R,R,R,R,R,R,R,R,
R,R,R,R,R,R,R,R,R,R,R,R,R,R,R,
value,Cell(2,1) -0.261396746478828,-,-,-,-,-,-,
R,R,R,DR,DL,R,R,D,D,DL,R,DL,DL,R,R,
DR,DL,R,D,DL,DL,R,R,D,R,DR,R,UR,UR,U,
DR,D,DR,R,R,R,R,R,R,R,R,R,R,R,R,
R,R,R,R,R,R,R,R,R,R,R,R,R,R,R,
R,R,R,R,R,R,R,R,R,R,R,R,R,R,R,
R,R,R,R,R,R,R,R,R,R,R,R,R,R,R,
R,R,R,R,R,R,R,R,R,R,R,R,R,R,R,
R,R,R,R,R,R,R,R,R,R,R,R,R,R,R,
R,R,R,R,R,R,R,R,R,R,R,R,R,R,R,
R,R,R,R,R,R,R,R,R,R,R,R,R,R,R,
value,Cell(2,2) -0.259026593195317,-,-,-,-,-,-,
R,R,R,DR,DL,R,R,D,D,DL,R,DL,DL,R,R,
DR,DL,R,D,DL,DL,R,R,D,R,DR,R,UR,UR,U,
DR,D,DR,R,R,R,R,R,R,R,R,R,R,R,R,
R,R,R,R,R,R,R,R,R,R,R,R,R,R,R,
R,R,R,R,R,R,R,R,R,R,R,R,R,R,R,
R,R,R,R,R,R,R,R,R,R,R,R,R,R,R,
R,R,R,R,R,R,R,R,R,R,R,R,R,R,R,
R,R,R,R,R,R,R,R,R,R,R,R,R,R,R,
R,R,R,R,R,R,R,R,R,R,R,R,R,R,R,
R,R,R,R,R,R,R,R,R,R,R,R,R,R,R,
value,Cell(2,3) -0.259758501373293,-,-,-,-,-,-,
R,R,R,DR,DL,R,R,D,D,DL,R,DL,DL,R,R,
DR,DL,R,D,DL,DL,R,R,D,R,DR,R,UR,UR,U,
DR,D,DR,R,DR,R,R,R,R,R,R,R,R,R,R,
R,R,R,R,R,R,R,R,R,R,R,R,R,R,R,
R,R,R,R,R,R,R,R,R,R,R,R,R,R,R,
R,R,R,R,R,R,R,R,R,R,R,R,R,R,R,
R,R,R,R,R,R,R,R,R,R,R,R,R,R,R,
R,R,R,R,R,R,R,R,R,R,R,R,R,R,R,
R,R,R,R,R,R,R,R,R,R,R,R,R,R,R,
R,R,R,R,R,R,R,R,R,R,R,R,R,R,R,
value,Cell(2,4) -0.1721382780265,-,-,-,-,-,-,
R,R,R,DR,DL,R,R,D,D,DL,R,DL,DL,R,R,
DR,DL,R,D,DL,DL,R,R,D,R,DR,R,UR,UR,U,
DR,D,DR,R,DR,R,D,R,R,R,R,R,R,R,R,
R,R,R,R,R,R,R,R,R,R,R,R,R,R,R,
R,R,R,R,R,R,R,R,R,R,R,R,R,R,R,
R,R,R,R,R,R,R,R,R,R,R,R,R,R,R,
R,R,R,R,R,R,R,R,R,R,R,R,R,R,R,
R,R,R,R,R,R,R,R,R,R,R,R,R,R,R,
R,R,R,R,R,R,R,R,R,R,R,R,R,R,R,
R,R,R,R,R,R,R,R,R,R,R,R,R,R,R,
value,Cell(2,6) -0.169363704152919,-,-,-,-,-,-,
R,R,R,DR,DL,R,R,D,D,DL,R,DL,DL,R,R,
DR,DL,R,D,DL,DL,R,R,D,R,DR,R,UR,UR,U,
DR,D,DR,R,DR,R,D,R,R,R,R,R,R,R,R,
R,R,R,R,R,R,R,R,R,R,R,R,R,R,R,
R,R,R,R,R,R,R,R,R,R,R,R,R,R,R,
R,R,R,R,R,R,R,R,R,R,R,R,R,R,R,
R,R,R,R,R,R,R,R,R,R,R,R,R,R,R,
R,R,R,R,R,R,R,R,R,R,R,R,R,R,R,
R,R,R,R,R,R,R,R,R,R,R,R,R,R,R,
R,R,R,R,R,R,R,R,R,R,R,R,R,R,R,
value,Cell(2,7) -0.0800921316228731,-,-,-,-,-,-,
R,R,R,DR,DL,R,R,D,D,DL,R,DL,DL,R,R,
DR,DL,R,D,DL,DL,R,R,D,R,DR,R,UR,UR,U,
DR,D,DR,R,DR,R,D,R,D,R,R,R,R,R,R,
R,R,R,R,R,R,R,R,R,R,R,R,R,R,R,
R,R,R,R,R,R,R,R,R,R,R,R,R,R,R,
R,R,R,R,R,R,R,R,R,R,R,R,R,R,R,
R,R,R,R,R,R,R,R,R,R,R,R,R,R,R,
R,R,R,R,R,R,R,R,R,R,R,R,R,R,R,
R,R,R,R,R,R,R,R,R,R,R,R,R,R,R,
R,R,R,R,R,R,R,R,R,R,R,R,R,R,R,
value,Cell(2,8) -0.256562700415426,-,-,-,-,-,-,
R,R,R,DR,DL,R,R,D,D,DL,R,DL,DL,R,R,
DR,DL,R,D,DL,DL,R,R,D,R,DR,R,UR,UR,U,
DR,D,DR,R,DR,R,D,R,D,DR,R,R,R,R,R,
R,R,R,R,R,R,R,R,R,R,R,R,R,R,R,
R,R,R,R,R,R,R,R,R,R,R,R,R,R,R,
R,R,R,R,R,R,R,R,R,R,R,R,R,R,R,
R,R,R,R,R,R,R,R,R,R,R,R,R,R,R,
R,R,R,R,R,R,R,R,R,R,R,R,R,R,R,
R,R,R,R,R,R,R,R,R,R,R,R,R,R,R,
R,R,R,R,R,R,R,R,R,R,R,R,R,R,R,
value,Cell(2,9) -0.258939998752675,-,-,-,-,-,-,
R,R,R,DR,DL,R,R,D,D,DL,R,DL,DL,R,R,
DR,DL,R,D,DL,DL,R,R,D,R,DR,R,UR,UR,U,
DR,D,DR,R,DR,R,D,R,D,DR,D,R,R,R,R,
R,R,R,R,R,R,R,R,R,R,R,R,R,R,R,
R,R,R,R,R,R,R,R,R,R,R,R,R,R,R,
R,R,R,R,R,R,R,R,R,R,R,R,R,R,R,
R,R,R,R,R,R,R,R,R,R,R,R,R,R,R,
R,R,R,R,R,R,R,R,R,R,R,R,R,R,R,
R,R,R,R,R,R,R,R,R,R,R,R,R,R,R,
R,R,R,R,R,R,R,R,R,R,R,R,R,R,R,
value,Cell(2,10) -0.258154478380588,-,-,-,-,-,-,
R,R,R,DR,DL,R,R,D,D,DL,R,DL,DL,R,R,
DR,DL,R,D,DL,DL,R,R,D,R,DR,R,UR,UR,U,
DR,D,DR,R,DR,R,D,R,D,DR,D,UR,R,R,R,
R,R,R,R,R,R,R,R,R,R,R,R,R,R,R,
R,R,R,R,R,R,R,R,R,R,R,R,R,R,R,
R,R,R,R,R,R,R,R,R,R,R,R,R,R,R,
R,R,R,R,R,R,R,R,R,R,R,R,R,R,R,
R,R,R,R,R,R,R,R,R,R,R,R,R,R,R,
R,R,R,R,R,R,R,R,R,R,R,R,R,R,R,
R,R,R,R,R,R,R,R,R,R,R,R,R,R,R,
value,Cell(2,11) 10.3364212341435,-,-,-,-,-,-,
R,R,R,DR,DL,R,R,D,D,DL,R,DL,DL,R,R,
DR,DL,R,D,DL,DL,R,R,D,R,DR,R,UR,UR,U,
DR,D,DR,R,DR,R,D,R,D,DR,D,UR,UR,R,R,
R,R,R,R,R,R,R,R,R,R,R,R,R,R,R,
R,R,R,R,R,R,R,R,R,R,R,R,R,R,R,
R,R,R,R,R,R,R,R,R,R,R,R,R,R,R,
R,R,R,R,R,R,R,R,R,R,R,R,R,R,R,
R,R,R,R,R,R,R,R,R,R,R,R,R,R,R,
R,R,R,R,R,R,R,R,R,R,R,R,R,R,R,
R,R,R,R,R,R,R,R,R,R,R,R,R,R,R,
value,Cell(2,12) 13.460686217169,-,-,-,-,-,-,
R,R,R,DR,DL,R,R,D,D,DL,R,DL,DL,R,R,
DR,DL,R,D,DL,DL,R,R,D,R,DR,R,UR,UR,U,
DR,D,DR,R,DR,R,D,R,D,DR,D,UR,UR,UR,R,
R,R,R,R,R,R,R,R,R,R,R,R,R,R,R,
R,R,R,R,R,R,R,R,R,R,R,R,R,R,R,
R,R,R,R,R,R,R,R,R,R,R,R,R,R,R,
R,R,R,R,R,R,R,R,R,R,R,R,R,R,R,
R,R,R,R,R,R,R,R,R,R,R,R,R,R,R,
R,R,R,R,R,R,R,R,R,R,R,R,R,R,R,
R,R,R,R,R,R,R,R,R,R,R,R,R,R,R,
value,Cell(2,13) 13.6666161185505,-,-,-,-,-,-,
R,R,R,DR,DL,R,R,D,D,DL,R,DL,DL,R,R,
DR,DL,R,D,DL,DL,R,R,D,R,DR,R,UR,UR,U,
DR,D,DR,R,DR,R,D,R,D,DR,D,UR,UR,UR,U,
R,R,R,R,R,R,R,R,R,R,R,R,R,R,R,
R,R,R,R,R,R,R,R,R,R,R,R,R,R,R,
R,R,R,R,R,R,R,R,R,R,R,R,R,R,R,
R,R,R,R,R,R,R,R,R,R,R,R,R,R,R,
R,R,R,R,R,R,R,R,R,R,R,R,R,R,R,
R,R,R,R,R,R,R,R,R,R,R,R,R,R,R,
R,R,R,R,R,R,R,R,R,R,R,R,R,R,R,
value,Cell(2,14) 13.553824058298,-,-,-,-,-,-,
R,R,R,DR,DL,R,R,D,D,DL,R,DL,DL,R,R,
DR,DL,R,D,DL,DL,R,R,D,R,DR,R,UR,UR,U,
DR,D,DR,R,DR,R,D,R,D,DR,D,UR,UR,UR,U,
DR,R,R,R,R,R,R,R,R,R,R,R,R,R,R,
R,R,R,R,R,R,R,R,R,R,R,R,R,R,R,
R,R,R,R,R,R,R,R,R,R,R,R,R,R,R,
R,R,R,R,R,R,R,R,R,R,R,R,R,R,R,
R,R,R,R,R,R,R,R,R,R,R,R,R,R,R,
R,R,R,R,R,R,R,R,R,R,R,R,R,R,R,
R,R,R,R,R,R,R,R,R,R,R,R,R,R,R,
value,Cell(3,0) -0.348966932183433,-,-,-,-,-,-,
R,R,R,DR,DL,R,R,D,D,DL,R,DL,DL,R,R,
DR,DL,R,D,DL,DL,R,R,D,R,DR,R,UR,UR,U,
DR,D,DR,R,DR,R,D,R,D,DR,D,UR,UR,UR,U,
DR,D,R,R,R,R,R,R,R,R,R,R,R,R,R,
R,R,R,R,R,R,R,R,R,R,R,R,R,R,R,
R,R,R,R,R,R,R,R,R,R,R,R,R,R,R,
R,R,R,R,R,R,R,R,R,R,R,R,R,R,R,
R,R,R,R,R,R,R,R,R,R,R,R,R,R,R,
R,R,R,R,R,R,R,R,R,R,R,R,R,R,R,
R,R,R,R,R,R,R,R,R,R,R,R,R,R,R,
value,Cell(3,1) -0.174438873911842,-,-,-,-,-,-,
R,R,R,DR,DL,R,R,D,D,DL,R,DL,DL,R,R,
DR,DL,R,D,DL,DL,R,R,D,R,DR,R,UR,UR,U,
DR,D,DR,R,DR,R,D,R,D,DR,D,UR,UR,UR,U,
DR,D,R,DR,R,R,R,R,R,R,R,R,R,R,R,
R,R,R,R,R,R,R,R,R,R,R,R,R,R,R,
R,R,R,R,R,R,R,R,R,R,R,R,R,R,R,
R,R,R,R,R,R,R,R,R,R,R,R,R,R,R,
R,R,R,R,R,R,R,R,R,R,R,R,R,R,R,
R,R,R,R,R,R,R,R,R,R,R,R,R,R,R,
R,R,R,R,R,R,R,R,R,R,R,R,R,R,R,
value,Cell(3,3) -0.170058310353356,-,-,-,-,-,-,
R,R,R,DR,DL,R,R,D,D,DL,R,DL,DL,R,R,
DR,DL,R,D,DL,DL,R,R,D,R,DR,R,UR,UR,U,
DR,D,DR,R,DR,R,D,R,D,DR,D,UR,UR,UR,U,
DR,D,R,DR,D,R,R,R,R,R,R,R,R,R,R,
R,R,R,R,R,R,R,R,R,R,R,R,R,R,R,
R,R,R,R,R,R,R,R,R,R,R,R,R,R,R,
R,R,R,R,R,R,R,R,R,R,R,R,R,R,R,
R,R,R,R,R,R,R,R,R,R,R,R,R,R,R,
R,R,R,R,R,R,R,R,R,R,R,R,R,R,R,
R,R,R,R,R,R,R,R,R,R,R,R,R,R,R,
value,Cell(3,4) -0.258897595807778,-,-,-,-,-,-,
R,R,R,DR,DL,R,R,D,D,DL,R,DL,DL,R,R,
DR,DL,R,D,DL,DL,R,R,D,R,DR,R,UR,UR,U,
DR,D,DR,R,DR,R,D,R,D,DR,D,UR,UR,UR,U,
DR,D,R,DR,D,DL,R,R,R,R,R,R,R,R,R,
R,R,R,R,R,R,R,R,R,R,R,R,R,R,R,
R,R,R,R,R,R,R,R,R,R,R,R,R,R,R,
R,R,R,R,R,R,R,R,R,R,R,R,R,R,R,
R,R,R,R,R,R,R,R,R,R,R,R,R,R,R,
R,R,R,R,R,R,R,R,R,R,R,R,R,R,R,
R,R,R,R,R,R,R,R,R,R,R,R,R,R,R,
value,Cell(3,5) -0.258883596201885,-,-,-,-,-,-,
R,R,R,DR,DL,R,R,D,D,DL,R,DL,DL,R,R,
DR,DL,R,D,DL,DL,R,R,D,R,DR,R,UR,UR,U,
DR,D,DR,R,DR,R,D,R,D,DR,D,UR,UR,UR,U,
DR,D,R,DR,D,DL,R,R,R,R,R,R,R,R,R,
R,R,R,R,R,R,R,R,R,R,R,R,R,R,R,
R,R,R,R,R,R,R,R,R,R,R,R,R,R,R,
R,R,R,R,R,R,R,R,R,R,R,R,R,R,R,
R,R,R,R,R,R,R,R,R,R,R,R,R,R,R,
R,R,R,R,R,R,R,R,R,R,R,R,R,R,R,
R,R,R,R,R,R,R,R,R,R,R,R,R,R,R,
value,Cell(3,6) -0.258055054887799,-,-,-,-,-,-,
R,R,R,DR,DL,R,R,D,D,DL,R,DL,DL,R,R,
DR,DL,R,D,DL,DL,R,R,D,R,DR,R,UR,UR,U,
DR,D,DR,R,DR,R,D,R,D,DR,D,UR,UR,UR,U,
DR,D,R,DR,D,DL,R,R,R,R,R,R,R,R,R,
R,R,R,R,R,R,R,R,R,R,R,R,R,R,R,
R,R,R,R,R,R,R,R,R,R,R,R,R,R,R,
R,R,R,R,R,R,R,R,R,R,R,R,R,R,R,
R,R,R,R,R,R,R,R,R,R,R,R,R,R,R,
R,R,R,R,R,R,R,R,R,R,R,R,R,R,R,
R,R,R,R,R,R,R,R,R,R,R,R,R,R,R,
value,Cell(3,7) -0.0807166623197112,-,-,-,-,-,-,
R,R,R,DR,DL,R,R,D,D,DL,R,DL,DL,R,R,
DR,DL,R,D,DL,DL,R,R,D,R,DR,R,UR,UR,U,
DR,D,DR,R,DR,R,D,R,D,DR,D,UR,UR,UR,U,
DR,D,R,DR,D,DL,R,R,D,R,R,R,R,R,R,
R,R,R,R,R,R,R,R,R,R,R,R,R,R,R,
R,R,R,R,R,R,R,R,R,R,R,R,R,R,R,
R,R,R,R,R,R,R,R,R,R,R,R,R,R,R,
R,R,R,R,R,R,R,R,R,R,R,R,R,R,R,
R,R,R,R,R,R,R,R,R,R,R,R,R,R,R,
R,R,R,R,R,R,R,R,R,R,R,R,R,R,R,
value,Cell(3,8) -0.169566803437996,-,-,-,-,-,-,
R,R,R,DR,DL,R,R,D,D,DL,R,DL,DL,R,R,
DR,DL,R,D,DL,DL,R,R,D,R,DR,R,UR,UR,U,
DR,D,DR,R,DR,R,D,R,D,DR,D,UR,UR,UR,U,
DR,D,R,DR,D,DL,R,R,D,R,UR,R,R,R,R,
R,R,R,R,R,R,R,R,R,R,R,R,R,R,R,
R,R,R,R,R,R,R,R,R,R,R,R,R,R,R,
R,R,R,R,R,R,R,R,R,R,R,R,R,R,R,
R,R,R,R,R,R,R,R,R,R,R,R,R,R,R,
R,R,R,R,R,R,R,R,R,R,R,R,R,R,R,
R,R,R,R,R,R,R,R,R,R,R,R,R,R,R,
value,Cell(3,10) 8.23604734936201,-,-,-,-,-,-,
R,R,R,DR,DL,R,R,D,D,DL,R,DL,DL,R,R,
DR,DL,R,D,DL,DL,R,R,D,R,DR,R,UR,UR,U,
DR,D,DR,R,DR,R,D,R,D,DR,D,UR,UR,UR,U,
DR,D,R,DR,D,DL,R,R,D,R,UR,UR,R,R,R,
R,R,R,R,R,R,R,R,R,R,R,R,R,R,R,
R,R,R,R,R,R,R,R,R,R,R,R,R,R,R,
R,R,R,R,R,R,R,R,R,R,R,R,R,R,R,
R,R,R,R,R,R,R,R,R,R,R,R,R,R,R,
R,R,R,R,R,R,R,R,R,R,R,R,R,R,R,
R,R,R,R,R,R,R,R,R,R,R,R,R,R,R,
value,Cell(3,11) 11.026184662853,-,-,-,-,-,-,
R,R,R,DR,DL,R,R,D,D,DL,R,DL,DL,R,R,
DR,DL,R,D,DL,DL,R,R,D,R,DR,R,UR,UR,U,
DR,D,DR,R,DR,R,D,R,D,DR,D,UR,UR,UR,U,
DR,D,R,DR,D,DL,R,R,D,R,UR,UR,UR,R,R,
R,R,R,R,R,R,R,R,R,R,R,R,R,R,R,
R,R,R,R,R,R,R,R,R,R,R,R,R,R,R,
R,R,R,R,R,R,R,R,R,R,R,R,R,R,R,
R,R,R,R,R,R,R,R,R,R,R,R,R,R,R,
R,R,R,R,R,R,R,R,R,R,R,R,R,R,R,
R,R,R,R,R,R,R,R,R,R,R,R,R,R,R,
value,Cell(3,12) 11.3415686850534,-,-,-,-,-,-,
R,R,R,DR,DL,R,R,D,D,DL,R,DL,DL,R,R,
DR,DL,R,D,DL,DL,R,R,D,R,DR,R,UR,UR,U,
DR,D,DR,R,DR,R,D,R,D,DR,D,UR,UR,UR,U,
DR,D,R,DR,D,DL,R,R,D,R,UR,UR,UR,U,R,
R,R,R,R,R,R,R,R,R,R,R,R,R,R,R,
R,R,R,R,R,R,R,R,R,R,R,R,R,R,R,
R,R,R,R,R,R,R,R,R,R,R,R,R,R,R,
R,R,R,R,R,R,R,R,R,R,R,R,R,R,R,
R,R,R,R,R,R,R,R,R,R,R,R,R,R,R,
R,R,R,R,R,R,R,R,R,R,R,R,R,R,R,
value,Cell(3,13) 11.3733637666706,-,-,-,-,-,-,
R,R,R,DR,DL,R,R,D,D,DL,R,DL,DL,R,R,
DR,DL,R,D,DL,DL,R,R,D,R,DR,R,UR,UR,U,
DR,D,DR,R,DR,R,D,R,D,DR,D,UR,UR,UR,U,
DR,D,R,DR,D,DL,R,R,D,R,UR,UR,UR,U,UL,
R,R,R,R,R,R,R,R,R,R,R,R,R,R,R,
R,R,R,R,R,R,R,R,R,R,R,R,R,R,R,
R,R,R,R,R,R,R,R,R,R,R,R,R,R,R,
R,R,R,R,R,R,R,R,R,R,R,R,R,R,R,
R,R,R,R,R,R,R,R,R,R,R,R,R,R,R,
R,R,R,R,R,R,R,R,R,R,R,R,R,R,R,
value,Cell(3,14) 11.2532237464506,-,-,-,-,-,-,
R,R,R,DR,DL,R,R,D,D,DL,R,DL,DL,R,R,
DR,DL,R,D,DL,DL,R,R,D,R,DR,R,UR,UR,U,
DR,D,DR,R,DR,R,D,R,D,DR,D,UR,UR,UR,U,
DR,D,R,DR,D,DL,R,R,D,R,UR,UR,UR,U,UL,
DR,R,R,R,R,R,R,R,R,R,R,R,R,R,R,
R,R,R,R,R,R,R,R,R,R,R,R,R,R,R,
R,R,R,R,R,R,R,R,R,R,R,R,R,R,R,
R,R,R,R,R,R,R,R,R,R,R,R,R,R,R,
R,R,R,R,R,R,R,R,R,R,R,R,R,R,R,
R,R,R,R,R,R,R,R,R,R,R,R,R,R,R,
value,Cell(4,0) -0.348190652254857,-,-,-,-,-,-,
R,R,R,DR,DL,R,R,D,D,DL,R,DL,DL,R,R,
DR,DL,R,D,DL,DL,R,R,D,R,DR,R,UR,UR,U,
DR,D,DR,R,DR,R,D,R,D,DR,D,UR,UR,UR,U,
DR,D,R,DR,D,DL,R,R,D,R,UR,UR,UR,U,UL,
DR,D,R,R,R,R,R,R,R,R,R,R,R,R,R,
R,R,R,R,R,R,R,R,R,R,R,R,R,R,R,
R,R,R,R,R,R,R,R,R,R,R,R,R,R,R,
R,R,R,R,R,R,R,R,R,R,R,R,R,R,R,
R,R,R,R,R,R,R,R,R,R,R,R,R,R,R,
R,R,R,R,R,R,R,R,R,R,R,R,R,R,R,
value,Cell(4,1) -0.261324368125151,-,-,-,-,-,-,
R,R,R,DR,DL,R,R,D,D,DL,R,DL,DL,R,R,
DR,DL,R,D,DL,DL,R,R,D,R,DR,R,UR,UR,U,
DR,D,DR,R,DR,R,D,R,D,DR,D,UR,UR,UR,U,
DR,D,R,DR,D,DL,R,R,D,R,UR,UR,UR,U,UL,
DR,D,DL,R,R,R,R,R,R,R,R,R,R,R,R,
R,R,R,R,R,R,R,R,R,R,R,R,R,R,R,
R,R,R,R,R,R,R,R,R,R,R,R,R,R,R,
R,R,R,R,R,R,R,R,R,R,R,R,R,R,R,
R,R,R,R,R,R,R,R,R,R,R,R,R,R,R,
R,R,R,R,R,R,R,R,R,R,R,R,R,R,R,
value,Cell(4,2) -0.258932393971513,-,-,-,-,-,-,
R,R,R,DR,DL,R,R,D,D,DL,R,DL,DL,R,R,
DR,DL,R,D,DL,DL,R,R,D,R,DR,R,UR,UR,U,
DR,D,DR,R,DR,R,D,R,D,DR,D,UR,UR,UR,U,
DR,D,R,DR,D,DL,R,R,D,R,UR,UR,UR,U,UL,
DR,D,DL,D,R,R,R,R,R,R,R,R,R,R,R,
R,R,R,R,R,R,R,R,R,R,R,R,R,R,R,
R,R,R,R,R,R,R,R,R,R,R,R,R,R,R,
R,R,R,R,R,R,R,R,R,R,R,R,R,R,R,
R,R,R,R,R,R,R,R,R,R,R,R,R,R,R,
R,R,R,R,R,R,R,R,R,R,R,R,R,R,R,
value,Cell(4,3) -0.259670994701194,-,-,-,-,-,-,
R,R,R,DR,DL,R,R,D,D,DL,R,DL,DL,R,R,
DR,DL,R,D,DL,DL,R,R,D,R,DR,R,UR,UR,U,
DR,D,DR,R,DR,R,D,R,D,DR,D,UR,UR,UR,U,
DR,D,R,DR,D,DL,R,R,D,R,UR,UR,UR,U,UL,
DR,D,DL,D,DR,R,R,R,R,R,R,R,R,R,R,
R,R,R,R,R,R,R,R,R,R,R,R,R,R,R,
R,R,R,R,R,R,R,R,R,R,R,R,R,R,R,
R,R,R,R,R,R,R,R,R,R,R,R,R,R,R,
R,R,R,R,R,R,R,R,R,R,R,R,R,R,R,
R,R,R,R,R,R,R,R,R,R,R,R,R,R,R,
value,Cell(4,4) -0.172007594473578,-,-,-,-,-,-,
R,R,R,DR,DL,R,R,D,D,DL,R,DL,DL,R,R,
DR,DL,R,D,DL,DL,R,R,D,R,DR,R,UR,UR,U,
DR,D,DR,R,DR,R,D,R,D,DR,D,UR,UR,UR,U,
DR,D,R,DR,D,DL,R,R,D,R,UR,UR,UR,U,UL,
DR,D,DL,D,DR,R,D,R,R,R,R,R,R,R,R,
R,R,R,R,R,R,R,R,R,R,R,R,R,R,R,
R,R,R,R,R,R,R,R,R,R,R,R,R,R,R,
R,R,R,R,R,R,R,R,R,R,R,R,R,R,R,
R,R,R,R,R,R,R,R,R,R,R,R,R,R,R,
R,R,R,R,R,R,R,R,R,R,R,R,R,R,R,
value,Cell(4,6) -0.169218897820685,-,-,-,-,-,-,
R,R,R,DR,DL,R,R,D,D,DL,R,DL,DL,R,R,
DR,DL,R,D,DL,DL,R,R,D,R,DR,R,UR,UR,U,
DR,D,DR,R,DR,R,D,R,D,DR,D,UR,UR,UR,U,
DR,D,R,DR,D,DL,R,R,D,R,UR,UR,UR,U,UL,
DR,D,DL,D,DR,R,D,R,R,R,R,R,R,R,R,
R,R,R,R,R,R,R,R,R,R,R,R,R,R,R,
R,R,R,R,R,R,R,R,R,R,R,R,R,R,R,
R,R,R,R,R,R,R,R,R,R,R,R,R,R,R,
R,R,R,R,R,R,R,R,R,R,R,R,R,R,R,
R,R,R,R,R,R,R,R,R,R,R,R,R,R,R,
value,Cell(4,7) -0.0799380167661957,-,-,-,-,-,-,
R,R,R,DR,DL,R,R,D,D,DL,R,DL,DL,R,R,
DR,DL,R,D,DL,DL,R,R,D,R,DR,R,UR,UR,U,
DR,D,DR,R,DR,R,D,R,D,DR,D,UR,UR,UR,U,
DR,D,R,DR,D,DL,R,R,D,R,UR,UR,UR,U,UL,
DR,D,DL,D,DR,R,D,R,R,R,R,R,R,R,R,
R,R,R,R,R,R,R,R,R,R,R,R,R,R,R,
R,R,R,R,R,R,R,R,R,R,R,R,R,R,R,
R,R,R,R,R,R,R,R,R,R,R,R,R,R,R,
R,R,R,R,R,R,R,R,R,R,R,R,R,R,R,
R,R,R,R,R,R,R,R,R,R,R,R,R,R,R,
value,Cell(4,8) -0.256451993342715,-,-,-,-,-,-,
R,R,R,DR,DL,R,R,D,D,DL,R,DL,DL,R,R,
DR,DL,R,D,DL,DL,R,R,D,R,DR,R,UR,UR,U,
DR,D,DR,R,DR,R,D,R,D,DR,D,UR,UR,UR,U,
DR,D,R,DR,D,DL,R,R,D,R,UR,UR,UR,U,UL,
DR,D,DL,D,DR,R,D,R,R,UR,R,R,R,R,R,
R,R,R,R,R,R,R,R,R,R,R,R,R,R,R,
R,R,R,R,R,R,R,R,R,R,R,R,R,R,R,
R,R,R,R,R,R,R,R,R,R,R,R,R,R,R,
R,R,R,R,R,R,R,R,R,R,R,R,R,R,R,
R,R,R,R,R,R,R,R,R,R,R,R,R,R,R,
value,Cell(4,9) 6.4459241838122,-,-,-,-,-,-,
R,R,R,DR,DL,R,R,D,D,DL,R,DL,DL,R,R,
DR,DL,R,D,DL,DL,R,R,D,R,DR,R,UR,UR,U,
DR,D,DR,R,DR,R,D,R,D,DR,D,UR,UR,UR,U,
DR,D,R,DR,D,DL,R,R,D,R,UR,UR,UR,U,UL,
DR,D,DL,D,DR,R,D,R,R,UR,UR,R,R,R,R,
R,R,R,R,R,R,R,R,R,R,R,R,R,R,R,
R,R,R,R,R,R,R,R,R,R,R,R,R,R,R,
R,R,R,R,R,R,R,R,R,R,R,R,R,R,R,
R,R,R,R,R,R,R,R,R,R,R,R,R,R,R,
R,R,R,R,R,R,R,R,R,R,R,R,R,R,R,
value,Cell(4,10) 8.84190732070952,-,-,-,-,-,-,
R,R,R,DR,DL,R,R,D,D,DL,R,DL,DL,R,R,
DR,DL,R,D,DL,DL,R,R,D,R,DR,R,UR,UR,U,
DR,D,DR,R,DR,R,D,R,D,DR,D,UR,UR,UR,U,
DR,D,R,DR,D,DL,R,R,D,R,UR,UR,UR,U,UL,
DR,D,DL,D,DR,R,D,R,R,UR,UR,UR,R,R,R,
R,R,R,R,R,R,R,R,R,R,R,R,R,R,R,
R,R,R,R,R,R,R,R,R,R,R,R,R,R,R,
R,R,R,R,R,R,R,R,R,R,R,R,R,R,R,
R,R,R,R,R,R,R,R,R,R,R,R,R,R,R,
R,R,R,R,R,R,R,R,R,R,R,R,R,R,R,
value,Cell(4,11) 9.39780788888957,-,-,-,-,-,-,
R,R,R,DR,DL,R,R,D,D,DL,R,DL,DL,R,R,
DR,DL,R,D,DL,DL,R,R,D,R,DR,R,UR,UR,U,
DR,D,DR,R,DR,R,D,R,D,DR,D,UR,UR,UR,U,
DR,D,R,DR,D,DL,R,R,D,R,UR,UR,UR,U,UL,
DR,D,DL,D,DR,R,D,R,R,UR,UR,UR,UR,R,R,
R,R,R,R,R,R,R,R,R,R,R,R,R,R,R,
R,R,R,R,R,R,R,R,R,R,R,R,R,R,R,
R,R,R,R,R,R,R,R,R,R,R,R,R,R,R,
R,R,R,R,R,R,R,R,R,R,R,R,R,R,R,
R,R,R,R,R,R,R,R,R,R,R,R,R,R,R,
value,Cell(4,12) 9.45651470213434,-,-,-,-,-,-,
R,R,R,DR,DL,R,R,D,D,DL,R,DL,DL,R,R,
DR,DL,R,D,DL,DL,R,R,D,R,DR,R,UR,UR,U,
DR,D,DR,R,DR,R,D,R,D,DR,D,UR,UR,UR,U,
DR,D,R,DR,D,DL,R,R,D,R,UR,UR,UR,U,UL,
DR,D,DL,D,DR,R,D,R,R,UR,UR,UR,UR,U,R,
R,R,R,R,R,R,R,R,R,R,R,R,R,R,R,
R,R,R,R,R,R,R,R,R,R,R,R,R,R,R,
R,R,R,R,R,R,R,R,R,R,R,R,R,R,R,
R,R,R,R,R,R,R,R,R,R,R,R,R,R,R,
R,R,R,R,R,R,R,R,R,R,R,R,R,R,R,
value,Cell(4,13) 9.45908641520592,-,-,-,-,-,-,
R,R,R,DR,DL,R,R,D,D,DL,R,DL,DL,R,R,
DR,DL,R,D,DL,DL,R,R,D,R,DR,R,UR,UR,U,
DR,D,DR,R,DR,R,D,R,D,DR,D,UR,UR,UR,U,
DR,D,R,DR,D,DL,R,R,D,R,UR,UR,UR,U,UL,
DR,D,DL,D,DR,R,D,R,R,UR,UR,UR,UR,U,UL,
R,R,R,R,R,R,R,R,R,R,R,R,R,R,R,
R,R,R,R,R,R,R,R,R,R,R,R,R,R,R,
R,R,R,R,R,R,R,R,R,R,R,R,R,R,R,
R,R,R,R,R,R,R,R,R,R,R,R,R,R,R,
R,R,R,R,R,R,R,R,R,R,R,R,R,R,R,
value,Cell(4,14) 9.35775544245808,-,-,-,-,-,-,
R,R,R,DR,DL,R,R,D,D,DL,R,DL,DL,R,R,
DR,DL,R,D,DL,DL,R,R,D,R,DR,R,UR,UR,U,
DR,D,DR,R,DR,R,D,R,D,DR,D,UR,UR,UR,U,
DR,D,R,DR,D,DL,R,R,D,R,UR,UR,UR,U,UL,
DR,D,DL,D,DR,R,D,R,R,UR,UR,UR,UR,U,UL,
DR,R,R,R,R,R,R,R,R,R,R,R,R,R,R,
R,R,R,R,R,R,R,R,R,R,R,R,R,R,R,
R,R,R,R,R,R,R,R,R,R,R,R,R,R,R,
R,R,R,R,R,R,R,R,R,R,R,R,R,R,R,
R,R,R,R,R,R,R,R,R,R,R,R,R,R,R,
value,Cell(5,0) -0.34896563518342,-,-,-,-,-,-,
R,R,R,DR,DL,R,R,D,D,DL,R,DL,DL,R,R,
DR,DL,R,D,DL,DL,R,R,D,R,DR,R,UR,UR,U,
DR,D,DR,R,DR,R,D,R,D,DR,D,UR,UR,UR,U,
DR,D,R,DR,D,DL,R,R,D,R,UR,UR,UR,U,UL,
DR,D,DL,D,DR,R,D,R,R,UR,UR,UR,UR,U,UL,
DR,D,R,R,R,R,R,R,R,R,R,R,R,R,R,
R,R,R,R,R,R,R,R,R,R,R,R,R,R,R,
R,R,R,R,R,R,R,R,R,R,R,R,R,R,R,
R,R,R,R,R,R,R,R,R,R,R,R,R,R,R,
R,R,R,R,R,R,R,R,R,R,R,R,R,R,R,
value,Cell(5,1) -0.174436717445814,-,-,-,-,-,-,
R,R,R,DR,DL,R,R,D,D,DL,R,DL,DL,R,R,
DR,DL,R,D,DL,DL,R,R,D,R,DR,R,UR,UR,U,
DR,D,DR,R,DR,R,D,R,D,DR,D,UR,UR,UR,U,
DR,D,R,DR,D,DL,R,R,D,R,UR,UR,UR,U,UL,
DR,D,DL,D,DR,R,D,R,R,UR,UR,UR,UR,U,UL,
DR,D,R,DR,R,R,R,R,R,R,R,R,R,R,R,
R,R,R,R,R,R,R,R,R,R,R,R,R,R,R,
R,R,R,R,R,R,R,R,R,R,R,R,R,R,R,
R,R,R,R,R,R,R,R,R,R,R,R,R,R,R,
R,R,R,R,R,R,R,R,R,R,R,R,R,R,R,
value,Cell(5,3) -0.170055498848317,-,-,-,-,-,-,
R,R,R,DR,DL,R,R,D,D,DL,R,DL,DL,R,R,
DR,DL,R,D,DL,DL,R,R,D,R,DR,R,UR,UR,U,
DR,D,DR,R,DR,R,D,R,D,DR,D,UR,UR,UR,U,
DR,D,R,DR,D,DL,R,R,D,R,UR,UR,UR,U,UL,
DR,D,DL,D,DR,R,D,R,R,UR,UR,UR,UR,U,UL,
DR,D,R,DR,D,R,R,R,R,R,R,R,R,R,R,
R,R,R,R,R,R,R,R,R,R,R,R,R,R,R,
R,R,R,R,R,R,R,R,R,R,R,R,R,R,R,
R,R,R,R,R,R,R,R,R,R,R,R,R,R,R,
R,R,R,R,R,R,R,R,R,R,R,R,R,R,R,
value,Cell(5,4) -0.258895606792208,-,-,-,-,-,-,
R,R,R,DR,DL,R,R,D,D,DL,R,DL,DL,R,R,
DR,DL,R,D,DL,DL,R,R,D,R,DR,R,UR,UR,U,
DR,D,DR,R,DR,R,D,R,D,DR,D,UR,UR,UR,U,
DR,D,R,DR,D,DL,R,R,D,R,UR,UR,UR,U,UL,
DR,D,DL,D,DR,R,D,R,R,UR,UR,UR,UR,U,UL,
DR,D,R,DR,D,DR,R,R,R,R,R,R,R,R,R,
R,R,R,R,R,R,R,R,R,R,R,R,R,R,R,
R,R,R,R,R,R,R,R,R,R,R,R,R,R,R,
R,R,R,R,R,R,R,R,R,R,R,R,R,R,R,
R,R,R,R,R,R,R,R,R,R,R,R,R,R,R,
value,Cell(5,5) -0.258881098891778,-,-,-,-,-,-,
R,R,R,DR,DL,R,R,D,D,DL,R,DL,DL,R,R,
DR,DL,R,D,DL,DL,R,R,D,R,DR,R,UR,UR,U,
DR,D,DR,R,DR,R,D,R,D,DR,D,UR,UR,UR,U,
DR,D,R,DR,D,DL,R,R,D,R,UR,UR,UR,U,UL,
DR,D,DL,D,DR,R,D,R,R,UR,UR,UR,UR,U,UL,
DR,D,R,DR,D,DR,R,R,R,R,R,R,R,R,R,
R,R,R,R,R,R,R,R,R,R,R,R,R,R,R,
R,R,R,R,R,R,R,R,R,R,R,R,R,R,R,
R,R,R,R,R,R,R,R,R,R,R,R,R,R,R,
R,R,R,R,R,R,R,R,R,R,R,R,R,R,R,
value,Cell(5,6) -0.258052342121308,-,-,-,-,-,-,
R,R,R,DR,DL,R,R,D,D,DL,R,DL,DL,R,R,
DR,DL,R,D,DL,DL,R,R,D,R,DR,R,UR,UR,U,
DR,D,DR,R,DR,R,D,R,D,DR,D,UR,UR,UR,U,
DR,D,R,DR,D,DL,R,R,D,R,UR,UR,UR,U,UL,
DR,D,DL,D,DR,R,D,R,R,UR,UR,UR,UR,U,UL,
DR,D,R,DR,D,DR,R,R,R,R,R,R,R,R,R,
R,R,R,R,R,R,R,R,R,R,R,R,R,R,R,
R,R,R,R,R,R,R,R,R,R,R,R,R,R,R,
R,R,R,R,R,R,R,R,R,R,R,R,R,R,R,
R,R,R,R,R,R,R,R,R,R,R,R,R,R,R,
value,Cell(5,7) -0.0807129512504581,-,-,-,-,-,-,
R,R,R,DR,DL,R,R,D,D,DL,R,DL,DL,R,R,
DR,DL,R,D,DL,DL,R,R,D,R,DR,R,UR,UR,U,
DR,D,DR,R,DR,R,D,R,D,DR,D,UR,UR,UR,U,
DR,D,R,DR,D,DL,R,R,D,R,UR,UR,UR,U,UL,
DR,D,DL,D,DR,R,D,R,R,UR,UR,UR,UR,U,UL,
DR,D,R,DR,D,DR,R,R,UR,R,R,R,R,R,R,
R,R,R,R,R,R,R,R,R,R,R,R,R,R,R,
R,R,R,R,R,R,R,R,R,R,R,R,R,R,R,
R,R,R,R,R,R,R,R,R,R,R,R,R,R,R,
R,R,R,R,R,R,R,R,R,R,R,R,R,R,R,
value,Cell(5,8) 5.08600466223565,-,-,-,-,-,-,
R,R,R,DR,DL,R,R,D,D,DL,R,DL,DL,R,R,
DR,DL,R,D,DL,DL,R,R,D,R,DR,R,UR,UR,U,
DR,D,DR,R,DR,R,D,R,D,DR,D,UR,UR,UR,U,
DR,D,R,DR,D,DL,R,R,D,R,UR,UR,UR,U,UL,
DR,D,DL,D,DR,R,D,R,R,UR,UR,UR,UR,U,UL,
DR,D,R,DR,D,DR,R,R,UR,R,UR,R,R,R,R,
R,R,R,R,R,R,R,R,R,R,R,R,R,R,R,
R,R,R,R,R,R,R,R,R,R,R,R,R,R,R,
R,R,R,R,R,R,R,R,R,R,R,R,R,R,R,
R,R,R,R,R,R,R,R,R,R,R,R,R,R,R,
value,Cell(5,10) 7.61801487354125,-,-,-,-,-,-,
R,R,R,DR,DL,R,R,D,D,DL,R,DL,DL,R,R,
DR,DL,R,D,DL,DL,R,R,D,R,DR,R,UR,UR,U,
DR,D,DR,R,DR,R,D,R,D,DR,D,UR,UR,UR,U,
DR,D,R,DR,D,DL,R,R,D,R,UR,UR,UR,U,UL,
DR,D,DL,D,DR,R,D,R,R,UR,UR,UR,UR,U,UL,
DR,D,R,DR,D,DR,R,R,UR,R,UR,UR,R,R,R,
R,R,R,R,R,R,R,R,R,R,R,R,R,R,R,
R,R,R,R,R,R,R,R,R,R,R,R,R,R,R,
R,R,R,R,R,R,R,R,R,R,R,R,R,R,R,
R,R,R,R,R,R,R,R,R,R,R,R,R,R,R,
value,Cell(5,11) 7.85069647947708,-,-,-,-,-,-,
R,R,R,DR,DL,R,R,D,D,DL,R,DL,DL,R,R,
DR,DL,R,D,DL,DL,R,R,D,R,DR,R,UR,UR,U,
DR,D,DR,R,DR,R,D,R,D,DR,D,UR,UR,UR,U,
DR,D,R,DR,D,DL,R,R,D,R,UR,UR,UR,U,UL,
DR,D,DL,D,DR,R,D,R,R,UR,UR,UR,UR,U,UL,
DR,D,R,DR,D,DR,R,R,UR,R,UR,UR,UR,R,R,
R,R,R,R,R,R,R,R,R,R,R,R,R,R,R,
R,R,R,R,R,R,R,R,R,R,R,R,R,R,R,
R,R,R,R,R,R,R,R,R,R,R,R,R,R,R,
R,R,R,R,R,R,R,R,R,R,R,R,R,R,R,
value,Cell(5,12) 7.8604051679513,-,-,-,-,-,-,
R,R,R,DR,DL,R,R,D,D,DL,R,DL,DL,R,R,
DR,DL,R,D,DL,DL,R,R,D,R,DR,R,UR,UR,U,
DR,D,DR,R,DR,R,D,R,D,DR,D,UR,UR,UR,U,
DR,D,R,DR,D,DL,R,R,D,R,UR,UR,UR,U,UL,
DR,D,DL,D,DR,R,D,R,R,UR,UR,UR,UR,U,UL,
DR,D,R,DR,D,DR,R,R,UR,R,UR,UR,UR,U,R,
R,R,R,R,R,R,R,R,R,R,R,R,R,R,R,
R,R,R,R,R,R,R,R,R,R,R,R,R,R,R,
R,R,R,R,R,R,R,R,R,R,R,R,R,R,R,
R,R,R,R,R,R,R,R,R,R,R,R,R,R,R,
value,Cell(5,13) 7.86013207412969,-,-,-,-,-,-,
R,R,R,DR,DL,R,R,D,D,DL,R,DL,DL,R,R,
DR,DL,R,D,DL,DL,R,R,D,R,DR,R,UR,UR,U,
DR,D,DR,R,DR,R,D,R,D,DR,D,UR,UR,UR,U,
DR,D,R,DR,D,DL,R,R,D,R,UR,UR,UR,U,UL,
DR,D,DL,D,DR,R,D,R,R,UR,UR,UR,UR,U,UL,
DR,D,R,DR,D,DR,R,R,UR,R,UR,UR,UR,U,UL,
R,R,R,R,R,R,R,R,R,R,R,R,R,R,R,
R,R,R,R,R,R,R,R,R,R,R,R,R,R,R,
R,R,R,R,R,R,R,R,R,R,R,R,R,R,R,
R,R,R,R,R,R,R,R,R,R,R,R,R,R,R,
value,Cell(5,14) 7.77574098396609,-,-,-,-,-,-,
R,R,R,DR,DL,R,R,D,D,DL,R,DL,DL,R,R,
DR,DL,R,D,DL,DL,R,R,D,R,DR,R,UR,UR,U,
DR,D,DR,R,DR,R,D,R,D,DR,D,UR,UR,UR,U,
DR,D,R,DR,D,DL,R,R,D,R,UR,UR,UR,U,UL,
DR,D,DL,D,DR,R,D,R,R,UR,UR,UR,UR,U,UL,
DR,D,R,DR,D,DR,R,R,UR,R,UR,UR,UR,U,UL,
R,R,R,R,R,R,R,R,R,R,R,R,R,R,R,
R,R,R,R,R,R,R,R,R,R,R,R,R,R,R,
R,R,R,R,R,R,R,R,R,R,R,R,R,R,R,
R,R,R,R,R,R,R,R,R,R,R,R,R,R,R,
value,Cell(6,0) -0.348190621173663,-,-,-,-,-,-,
R,R,R,DR,DL,R,R,D,D,DL,R,DL,DL,R,R,
DR,DL,R,D,DL,DL,R,R,D,R,DR,R,UR,UR,U,
DR,D,DR,R,DR,R,D,R,D,DR,D,UR,UR,UR,U,
DR,D,R,DR,D,DL,R,R,D,R,UR,UR,UR,U,UL,
DR,D,DL,D,DR,R,D,R,R,UR,UR,UR,UR,U,UL,
DR,D,R,DR,D,DR,R,R,UR,R,UR,UR,UR,U,UL,
R,DL,R,R,R,R,R,R,R,R,R,R,R,R,R,
R,R,R,R,R,R,R,R,R,R,R,R,R,R,R,
R,R,R,R,R,R,R,R,R,R,R,R,R,R,R,
R,R,R,R,R,R,R,R,R,R,R,R,R,R,R,
value,Cell(6,1) -0.261324336764226,-,-,-,-,-,-,
R,R,R,DR,DL,R,R,D,D,DL,R,DL,DL,R,R,
DR,DL,R,D,DL,DL,R,R,D,R,DR,R,UR,UR,U,
DR,D,DR,R,DR,R,D,R,D,DR,D,UR,UR,UR,U,
DR,D,R,DR,D,DL,R,R,D,R,UR,UR,UR,U,UL,
DR,D,DL,D,DR,R,D,R,R,UR,UR,UR,UR,U,UL,
DR,D,R,DR,D,DR,R,R,UR,R,UR,UR,UR,U,UL,
R,DL,DR,R,R,R,R,R,R,R,R,R,R,R,R,
R,R,R,R,R,R,R,R,R,R,R,R,R,R,R,
R,R,R,R,R,R,R,R,R,R,R,R,R,R,R,
R,R,R,R,R,R,R,R,R,R,R,R,R,R,R,
value,Cell(6,2) -0.258932348977525,-,-,-,-,-,-,
R,R,R,DR,DL,R,R,D,D,DL,R,DL,DL,R,R,
DR,DL,R,D,DL,DL,R,R,D,R,DR,R,UR,UR,U,
DR,D,DR,R,DR,R,D,R,D,DR,D,UR,UR,UR,U,
DR,D,R,DR,D,DL,R,R,D,R,UR,UR,UR,U,UL,
DR,D,DL,D,DR,R,D,R,R,UR,UR,UR,UR,U,UL,
DR,D,R,DR,D,DR,R,R,UR,R,UR,UR,UR,U,UL,
R,DL,DR,R,R,R,R,R,R,R,R,R,R,R,R,
R,R,R,R,R,R,R,R,R,R,R,R,R,R,R,
R,R,R,R,R,R,R,R,R,R,R,R,R,R,R,
R,R,R,R,R,R,R,R,R,R,R,R,R,R,R,
value,Cell(6,3) -0.259670951091562,-,-,-,-,-,-,
R,R,R,DR,DL,R,R,D,D,DL,R,DL,DL,R,R,
DR,DL,R,D,DL,DL,R,R,D,R,DR,R,UR,UR,U,
DR,D,DR,R,DR,R,D,R,D,DR,D,UR,UR,UR,U,
DR,D,R,DR,D,DL,R,R,D,R,UR,UR,UR,U,UL,
DR,D,DL,D,DR,R,D,R,R,UR,UR,UR,UR,U,UL,
DR,D,R,DR,D,DR,R,R,UR,R,UR,UR,UR,U,UL,
R,DL,DR,R,DR,R,R,R,R,R,R,R,R,R,R,
R,R,R,R,R,R,R,R,R,R,R,R,R,R,R,
R,R,R,R,R,R,R,R,R,R,R,R,R,R,R,
R,R,R,R,R,R,R,R,R,R,R,R,R,R,R,
value,Cell(6,4) -0.172007528400615,-,-,-,-,-,-,
R,R,R,DR,DL,R,R,D,D,DL,R,DL,DL,R,R,
DR,DL,R,D,DL,DL,R,R,D,R,DR,R,UR,UR,U,
DR,D,DR,R,DR,R,D,R,D,DR,D,UR,UR,UR,U,
DR,D,R,DR,D,DL,R,R,D,R,UR,UR,UR,U,UL,
DR,D,DL,D,DR,R,D,R,R,UR,UR,UR,UR,U,UL,
DR,D,R,DR,D,DR,R,R,UR,R,UR,UR,UR,U,UL,
R,DL,DR,R,DR,R,DL,R,R,R,R,R,R,R,R,
R,R,R,R,R,R,R,R,R,R,R,R,R,R,R,
R,R,R,R,R,R,R,R,R,R,R,R,R,R,R,
R,R,R,R,R,R,R,R,R,R,R,R,R,R,R,
value,Cell(6,6) -0.169218817530372,-,-,-,-,-,-,
R,R,R,DR,DL,R,R,D,D,DL,R,DL,DL,R,R,
DR,DL,R,D,DL,DL,R,R,D,R,DR,R,UR,UR,U,
DR,D,DR,R,DR,R,D,R,D,DR,D,UR,UR,UR,U,
DR,D,R,DR,D,DL,R,R,D,R,UR,UR,UR,U,UL,
DR,D,DL,D,DR,R,D,R,R,UR,UR,UR,UR,U,UL,
DR,D,R,DR,D,DR,R,R,UR,R,UR,UR,UR,U,UL,
R,DL,DR,R,DR,R,DL,UR,R,R,R,R,R,R,R,
R,R,R,R,R,R,R,R,R,R,R,R,R,R,R,
R,R,R,R,R,R,R,R,R,R,R,R,R,R,R,
R,R,R,R,R,R,R,R,R,R,R,R,R,R,R,
value,Cell(6,7) 4.07329191941276,-,-,-,-,-,-,
R,R,R,DR,DL,R,R,D,D,DL,R,DL,DL,R,R,
DR,DL,R,D,DL,DL,R,R,D,R,DR,R,UR,UR,U,
DR,D,DR,R,DR,R,D,R,D,DR,D,UR,UR,UR,U,
DR,D,R,DR,D,DL,R,R,D,R,UR,UR,UR,U,UL,
DR,D,DL,D,DR,R,D,R,R,UR,UR,UR,UR,U,UL,
DR,D,R,DR,D,DR,R,R,UR,R,UR,UR,UR,U,UL,
R,DL,DR,R,DR,R,DL,UR,U,R,R,R,R,R,R,
R,R,R,R,R,R,R,R,R,R,R,R,R,R,R,
R,R,R,R,R,R,R,R,R,R,R,R,R,R,R,
R,R,R,R,R,R,R,R,R,R,R,R,R,R,R,
value,Cell(6,8) 4.02379698712434,-,-,-,-,-,-,
R,R,R,DR,DL,R,R,D,D,DL,R,DL,DL,R,R,
DR,DL,R,D,DL,DL,R,R,D,R,DR,R,UR,UR,U,
DR,D,DR,R,DR,R,D,R,D,DR,D,UR,UR,UR,U,
DR,D,R,DR,D,DL,R,R,D,R,UR,UR,UR,U,UL,
DR,D,DL,D,DR,R,D,R,R,UR,UR,UR,UR,U,UL,
DR,D,R,DR,D,DR,R,R,UR,R,UR,UR,UR,U,UL,
R,DL,DR,R,DR,R,DL,UR,U,UR,R,R,R,R,R,
R,R,R,R,R,R,R,R,R,R,R,R,R,R,R,
R,R,R,R,R,R,R,R,R,R,R,R,R,R,R,
R,R,R,R,R,R,R,R,R,R,R,R,R,R,R,
value,Cell(6,9) 6.12078026241265,-,-,-,-,-,-,
R,R,R,DR,DL,R,R,D,D,DL,R,DL,DL,R,R,
DR,DL,R,D,DL,DL,R,R,D,R,DR,R,UR,UR,U,
DR,D,DR,R,DR,R,D,R,D,DR,D,UR,UR,UR,U,
DR,D,R,DR,D,DL,R,R,D,R,UR,UR,UR,U,UL,
DR,D,DL,D,DR,R,D,R,R,UR,UR,UR,UR,U,UL,
DR,D,R,DR,D,DR,R,R,UR,R,UR,UR,UR,U,UL,
R,DL,DR,R,DR,R,DL,UR,U,UR,UR,R,R,R,R,
R,R,R,R,R,R,R,R,R,R,R,R,R,R,R,
R,R,R,R,R,R,R,R,R,R,R,R,R,R,R,
R,R,R,R,R,R,R,R,R,R,R,R,R,R,R,
value,Cell(6,10) 6.35091330460002,-,-,-,-,-,-,
R,R,R,DR,DL,R,R,D,D,DL,R,DL,DL,R,R,
DR,DL,R,D,DL,DL,R,R,D,R,DR,R,UR,UR,U,
DR,D,DR,R,DR,R,D,R,D,DR,D,UR,UR,UR,U,
DR,D,R,DR,D,DL,R,R,D,R,UR,UR,UR,U,UL,
DR,D,DL,D,DR,R,D,R,R,UR,UR,UR,UR,U,UL,
DR,D,R,DR,D,DR,R,R,UR,R,UR,UR,UR,U,UL,
R,DL,DR,R,DR,R,DL,UR,U,UR,UR,UR,R,R,R,
R,R,R,R,R,R,R,R,R,R,R,R,R,R,R,
R,R,R,R,R,R,R,R,R,R,R,R,R,R,R,
R,R,R,R,R,R,R,R,R,R,R,R,R,R,R,
value,Cell(6,11) 6.52150480795912,-,-,-,-,-,-,
R,R,R,DR,DL,R,R,D,D,DL,R,DL,DL,R,R,
DR,DL,R,D,DL,DL,R,R,D,R,DR,R,UR,UR,U,
DR,D,DR,R,DR,R,D,R,D,DR,D,UR,UR,UR,U,
DR,D,R,DR,D,DL,R,R,D,R,UR,UR,UR,U,UL,
DR,D,DL,D,DR,R,D,R,R,UR,UR,UR,UR,U,UL,
DR,D,R,DR,D,DR,R,R,UR,R,UR,UR,UR,U,UL,
R,DL,DR,R,DR,R,DL,UR,U,UR,UR,UR,U,R,R,
R,R,R,R,R,R,R,R,R,R,R,R,R,R,R,
R,R,R,R,R,R,R,R,R,R,R,R,R,R,R,
R,R,R,R,R,R,R,R,R,R,R,R,R,R,R,
value,Cell(6,12) 6.52521918629465,-,-,-,-,-,-,
R,R,R,DR,DL,R,R,D,D,DL,R,DL,DL,R,R,
DR,DL,R,D,DL,DL,R,R,D,R,DR,R,UR,UR,U,
DR,D,DR,R,DR,R,D,R,D,DR,D,UR,UR,UR,U,
DR,D,R,DR,D,DL,R,R,D,R,UR,UR,UR,U,UL,
DR,D,DL,D,DR,R,D,R,R,UR,UR,UR,UR,U,UL,
DR,D,R,DR,D,DR,R,R,UR,R,UR,UR,UR,U,UL,
R,DL,DR,R,DR,R,DL,UR,U,UR,UR,UR,U,UL,R,
R,R,R,R,R,R,R,R,R,R,R,R,R,R,R,
R,R,R,R,R,R,R,R,R,R,R,R,R,R,R,
R,R,R,R,R,R,R,R,R,R,R,R,R,R,R,
value,Cell(6,13) 6.52457801624007,-,-,-,-,-,-,
R,R,R,DR,DL,R,R,D,D,DL,R,DL,DL,R,R,
DR,DL,R,D,DL,DL,R,R,D,R,DR,R,UR,UR,U,
DR,D,DR,R,DR,R,D,R,D,DR,D,UR,UR,UR,U,
DR,D,R,DR,D,DL,R,R,D,R,UR,UR,UR,U,UL,
DR,D,DL,D,DR,R,D,R,R,UR,UR,UR,UR,U,UL,
DR,D,R,DR,D,DR,R,R,UR,R,UR,UR,UR,U,UL,
R,DL,DR,R,DR,R,DL,UR,U,UR,UR,UR,U,UL,UL,
R,R,R,R,R,R,R,R,R,R,R,R,R,R,R,
R,R,R,R,R,R,R,R,R,R,R,R,R,R,R,
R,R,R,R,R,R,R,R,R,R,R,R,R,R,R,
value,Cell(6,14) 6.4543298510469,-,-,-,-,-,-,
R,R,R,DR,DL,R,R,D,D,DL,R,DL,DL,R,R,
DR,DL,R,D,DL,DL,R,R,D,R,DR,R,UR,UR,U,
DR,D,DR,R,DR,R,D,R,D,DR,D,UR,UR,UR,U,
DR,D,R,DR,D,DL,R,R,D,R,UR,UR,UR,U,UL,
DR,D,DL,D,DR,R,D,R,R,UR,UR,UR,UR,U,UL,
DR,D,R,DR,D,DR,R,R,UR,R,UR,UR,UR,U,UL,
R,DL,DR,R,DR,R,DL,UR,U,UR,UR,UR,U,UL,UL,
R,R,R,R,R,R,R,R,R,R,R,R,R,R,R,
R,R,R,R,R,R,R,R,R,R,R,R,R,R,R,
R,R,R,R,R,R,R,R,R,R,R,R,R,R,R,
value,Cell(7,0) -0.348965634621441,-,-,-,-,-,-,
R,R,R,DR,DL,R,R,D,D,DL,R,DL,DL,R,R,
DR,DL,R,D,DL,DL,R,R,D,R,DR,R,UR,UR,U,
DR,D,DR,R,DR,R,D,R,D,DR,D,UR,UR,UR,U,
DR,D,R,DR,D,DL,R,R,D,R,UR,UR,UR,U,UL,
DR,D,DL,D,DR,R,D,R,R,UR,UR,UR,UR,U,UL,
DR,D,R,DR,D,DR,R,R,UR,R,UR,UR,UR,U,UL,
R,DL,DR,R,DR,R,DL,UR,U,UR,UR,UR,U,UL,UL,
R,DR,R,R,R,R,R,R,R,R,R,R,R,R,R,
R,R,R,R,R,R,R,R,R,R,R,R,R,R,R,
R,R,R,R,R,R,R,R,R,R,R,R,R,R,R,
value,Cell(7,1) -0.174436716473832,-,-,-,-,-,-,
R,R,R,DR,DL,R,R,D,D,DL,R,DL,DL,R,R,
DR,DL,R,D,DL,DL,R,R,D,R,DR,R,UR,UR,U,
DR,D,DR,R,DR,R,D,R,D,DR,D,UR,UR,UR,U,
DR,D,R,DR,D,DL,R,R,D,R,UR,UR,UR,U,UL,
DR,D,DL,D,DR,R,D,R,R,UR,UR,UR,UR,U,UL,
DR,D,R,DR,D,DR,R,R,UR,R,UR,UR,UR,U,UL,
R,DL,DR,R,DR,R,DL,UR,U,UR,UR,UR,U,UL,UL,
R,DR,R,DR,R,R,R,R,R,R,R,R,R,R,R,
R,R,R,R,R,R,R,R,R,R,R,R,R,R,R,
R,R,R,R,R,R,R,R,R,R,R,R,R,R,R,
value,Cell(7,3) -0.170055497456227,-,-,-,-,-,-,
R,R,R,DR,DL,R,R,D,D,DL,R,DL,DL,R,R,
DR,DL,R,D,DL,DL,R,R,D,R,DR,R,UR,UR,U,
DR,D,DR,R,DR,R,D,R,D,DR,D,UR,UR,UR,U,
DR,D,R,DR,D,DL,R,R,D,R,UR,UR,UR,U,UL,
DR,D,DL,D,DR,R,D,R,R,UR,UR,UR,UR,U,UL,
DR,D,R,DR,D,DR,R,R,UR,R,UR,UR,UR,U,UL,
R,DL,DR,R,DR,R,DL,UR,U,UR,UR,UR,U,UL,UL,
R,DR,R,DR,D,R,R,R,R,R,R,R,R,R,R,
R,R,R,R,R,R,R,R,R,R,R,R,R,R,R,
R,R,R,R,R,R,R,R,R,R,R,R,R,R,R,
value,Cell(7,4) -0.258895605792536,-,-,-,-,-,-,
R,R,R,DR,DL,R,R,D,D,DL,R,DL,DL,R,R,
DR,DL,R,D,DL,DL,R,R,D,R,DR,R,UR,UR,U,
DR,D,DR,R,DR,R,D,R,D,DR,D,UR,UR,UR,U,
DR,D,R,DR,D,DL,R,R,D,R,UR,UR,UR,U,UL,
DR,D,DL,D,DR,R,D,R,R,UR,UR,UR,UR,U,UL,
DR,D,R,DR,D,DR,R,R,UR,R,UR,UR,UR,U,UL,
R,DL,DR,R,DR,R,DL,UR,U,UR,UR,UR,U,UL,UL,
R,DR,R,DR,D,R,R,R,R,R,R,R,R,R,R,
R,R,R,R,R,R,R,R,R,R,R,R,R,R,R,
R,R,R,R,R,R,R,R,R,R,R,R,R,R,R,
value,Cell(7,5) -0.258881097565512,-,-,-,-,-,-,
R,R,R,DR,DL,R,R,D,D,DL,R,DL,DL,R,R,
DR,DL,R,D,DL,DL,R,R,D,R,DR,R,UR,UR,U,
DR,D,DR,R,DR,R,D,R,D,DR,D,UR,UR,UR,U,
DR,D,R,DR,D,DL,R,R,D,R,UR,UR,UR,U,UL,
DR,D,DL,D,DR,R,D,R,R,UR,UR,UR,UR,U,UL,
DR,D,R,DR,D,DR,R,R,UR,R,UR,UR,UR,U,UL,
R,DL,DR,R,DR,R,DL,UR,U,UR,UR,UR,U,UL,UL,
R,DR,R,DR,D,R,UR,R,R,R,R,R,R,R,R,
R,R,R,R,R,R,R,R,R,R,R,R,R,R,R,
R,R,R,R,R,R,R,R,R,R,R,R,R,R,R,
value,Cell(7,6) 3.07407355548847,-,-,-,-,-,-,
R,R,R,DR,DL,R,R,D,D,DL,R,DL,DL,R,R,
DR,DL,R,D,DL,DL,R,R,D,R,DR,R,UR,UR,U,
DR,D,DR,R,DR,R,D,R,D,DR,D,UR,UR,UR,U,
DR,D,R,DR,D,DL,R,R,D,R,UR,UR,UR,U,UL,
DR,D,DL,D,DR,R,D,R,R,UR,UR,UR,UR,U,UL,
DR,D,R,DR,D,DR,R,R,UR,R,UR,UR,UR,U,UL,
R,DL,DR,R,DR,R,DL,UR,U,UR,UR,UR,U,UL,UL,
R,DR,R,DR,D,R,UR,U,R,R,R,R,R,R,R,
R,R,R,R,R,R,R,R,R,R,R,R,R,R,R,
R,R,R,R,R,R,R,R,R,R,R,R,R,R,R,
value,Cell(7,7) 3.31992432025007,-,-,-,-,-,-,
R,R,R,DR,DL,R,R,D,D,DL,R,DL,DL,R,R,
DR,DL,R,D,DL,DL,R,R,D,R,DR,R,UR,UR,U,
DR,D,DR,R,DR,R,D,R,D,DR,D,UR,UR,UR,U,
DR,D,R,DR,D,DL,R,R,D,R,UR,UR,UR,U,UL,
DR,D,DL,D,DR,R,D,R,R,UR,UR,UR,UR,U,UL,
DR,D,R,DR,D,DR,R,R,UR,R,UR,UR,UR,U,UL,
R,DL,DR,R,DR,R,DL,UR,U,UR,UR,UR,U,UL,UL,
R,DR,R,DR,D,R,UR,U,UR,R,R,R,R,R,R,
R,R,R,R,R,R,R,R,R,R,R,R,R,R,R,
R,R,R,R,R,R,R,R,R,R,R,R,R,R,R,
value,Cell(7,8) 5.01878513159533,-,-,-,-,-,-,
R,R,R,DR,DL,R,R,D,D,DL,R,DL,DL,R,R,
DR,DL,R,D,DL,DL,R,R,D,R,DR,R,UR,UR,U,
DR,D,DR,R,DR,R,D,R,D,DR,D,UR,UR,UR,U,
DR,D,R,DR,D,DL,R,R,D,R,UR,UR,UR,U,UL,
DR,D,DL,D,DR,R,D,R,R,UR,UR,UR,UR,U,UL,
DR,D,R,DR,D,DR,R,R,UR,R,UR,UR,UR,U,UL,
R,DL,DR,R,DR,R,DL,UR,U,UR,UR,UR,U,UL,UL,
R,DR,R,DR,D,R,UR,U,UR,UR,R,R,R,R,R,
R,R,R,R,R,R,R,R,R,R,R,R,R,R,R,
R,R,R,R,R,R,R,R,R,R,R,R,R,R,R,
value,Cell(7,9) 5.2389100381562,-,-,-,-,-,-,
R,R,R,DR,DL,R,R,D,D,DL,R,DL,DL,R,R,
DR,DL,R,D,DL,DL,R,R,D,R,DR,R,UR,UR,U,
DR,D,DR,R,DR,R,D,R,D,DR,D,UR,UR,UR,U,
DR,D,R,DR,D,DL,R,R,D,R,UR,UR,UR,U,UL,
DR,D,DL,D,DR,R,D,R,R,UR,UR,UR,UR,U,UL,
DR,D,R,DR,D,DR,R,R,UR,R,UR,UR,UR,U,UL,
R,DL,DR,R,DR,R,DL,UR,U,UR,UR,UR,U,UL,UL,
R,DR,R,DR,D,R,UR,U,UR,UR,UR,R,R,R,R,
R,R,R,R,R,R,R,R,R,R,R,R,R,R,R,
R,R,R,R,R,R,R,R,R,R,R,R,R,R,R,
value,Cell(7,10) 5.40001432689341,-,-,-,-,-,-,
R,R,R,DR,DL,R,R,D,D,DL,R,DL,DL,R,R,
DR,DL,R,D,DL,DL,R,R,D,R,DR,R,UR,UR,U,
DR,D,DR,R,DR,R,D,R,D,DR,D,UR,UR,UR,U,
DR,D,R,DR,D,DL,R,R,D,R,UR,UR,UR,U,UL,
DR,D,DL,D,DR,R,D,R,R,UR,UR,UR,UR,U,UL,
DR,D,R,DR,D,DR,R,R,UR,R,UR,UR,UR,U,UL,
R,DL,DR,R,DR,R,DL,UR,U,UR,UR,UR,U,UL,UL,
R,DR,R,DR,D,R,UR,U,UR,UR,UR,UR,R,R,R,
R,R,R,R,R,R,R,R,R,R,R,R,R,R,R,
R,R,R,R,R,R,R,R,R,R,R,R,R,R,R,
value,Cell(7,11) 5.40807943285374,-,-,-,-,-,-,
R,R,R,DR,DL,R,R,D,D,DL,R,DL,DL,R,R,
DR,DL,R,D,DL,DL,R,R,D,R,DR,R,UR,UR,U,
DR,D,DR,R,DR,R,D,R,D,DR,D,UR,UR,UR,U,
DR,D,R,DR,D,DL,R,R,D,R,UR,UR,UR,U,UL,
DR,D,DL,D,DR,R,D,R,R,UR,UR,UR,UR,U,UL,
DR,D,R,DR,D,DR,R,R,UR,R,UR,UR,UR,U,UL,
R,DL,DR,R,DR,R,DL,UR,U,UR,UR,UR,U,UL,UL,
R,DR,R,DR,D,R,UR,U,UR,UR,UR,UR,U,R,R,
R,R,R,R,R,R,R,R,R,R,R,R,R,R,R,
R,R,R,R,R,R,R,R,R,R,R,R,R,R,R,
value,Cell(7,12) 5.40971500121214,-,-,-,-,-,-,
R,R,R,DR,DL,R,R,D,D,DL,R,DL,DL,R,R,
DR,DL,R,D,DL,DL,R,R,D,R,DR,R,UR,UR,U,
DR,D,DR,R,DR,R,D,R,D,DR,D,UR,UR,UR,U,
DR,D,R,DR,D,DL,R,R,D,R,UR,UR,UR,U,UL,
DR,D,DL,D,DR,R,D,R,R,UR,UR,UR,UR,U,UL,
DR,D,R,DR,D,DR,R,R,UR,R,UR,UR,UR,U,UL,
R,DL,DR,R,DR,R,DL,UR,U,UR,UR,UR,U,UL,UL,
R,DR,R,DR,D,R,UR,U,UR,UR,UR,UR,U,UL,R,
R,R,R,R,R,R,R,R,R,R,R,R,R,R,R,
R,R,R,R,R,R,R,R,R,R,R,R,R,R,R,
value,Cell(7,13) 5.40912514671516,-,-,-,-,-,-,
R,R,R,DR,DL,R,R,D,D,DL,R,DL,DL,R,R,
DR,DL,R,D,DL,DL,R,R,D,R,DR,R,UR,UR,U,
DR,D,DR,R,DR,R,D,R,D,DR,D,UR,UR,UR,U,
DR,D,R,DR,D,DL,R,R,D,R,UR,UR,UR,U,UL,
DR,D,DL,D,DR,R,D,R,R,UR,UR,UR,UR,U,UL,
DR,D,R,DR,D,DR,R,R,UR,R,UR,UR,UR,U,UL,
R,DL,DR,R,DR,R,DL,UR,U,UR,UR,UR,U,UL,UL,
R,DR,R,DR,D,R,UR,U,UR,UR,UR,UR,U,UL,UL,
R,R,R,R,R,R,R,R,R,R,R,R,R,R,R,
R,R,R,R,R,R,R,R,R,R,R,R,R,R,R,
value,Cell(7,14) 5.35059928813432,-,-,-,-,-,-,
R,R,R,DR,DL,R,R,D,D,DL,R,DL,DL,R,R,
DR,DL,R,D,DL,DL,R,R,D,R,DR,R,UR,UR,U,
DR,D,DR,R,DR,R,D,R,D,DR,D,UR,UR,UR,U,
DR,D,R,DR,D,DL,R,R,D,R,UR,UR,UR,U,UL,
DR,D,DL,D,DR,R,D,R,R,UR,UR,UR,UR,U,UL,
DR,D,R,DR,D,DR,R,R,UR,R,UR,UR,UR,U,UL,
R,DL,DR,R,DR,R,DL,UR,U,UR,UR,UR,U,UL,UL,
R,DR,R,DR,D,R,UR,U,UR,UR,UR,UR,U,UL,UL,
R,R,R,R,R,R,R,R,R,R,R,R,R,R,R,
R,R,R,R,R,R,R,R,R,R,R,R,R,R,R,
value,Cell(8,0) -0.348190621159857,-,-,-,-,-,-,
R,R,R,DR,DL,R,R,D,D,DL,R,DL,DL,R,R,
DR,DL,R,D,DL,DL,R,R,D,R,DR,R,UR,UR,U,
DR,D,DR,R,DR,R,D,R,D,DR,D,UR,UR,UR,U,
DR,D,R,DR,D,DL,R,R,D,R,UR,UR,UR,U,UL,
DR,D,DL,D,DR,R,D,R,R,UR,UR,UR,UR,U,UL,
DR,D,R,DR,D,DR,R,R,UR,R,UR,UR,UR,U,UL,
R,DL,DR,R,DR,R,DL,UR,U,UR,UR,UR,U,UL,UL,
R,DR,R,DR,D,R,UR,U,UR,UR,UR,UR,U,UL,UL,
R,D,R,R,R,R,R,R,R,R,R,R,R,R,R,
R,R,R,R,R,R,R,R,R,R,R,R,R,R,R,
value,Cell(8,1) -0.261324336750296,-,-,-,-,-,-,
R,R,R,DR,DL,R,R,D,D,DL,R,DL,DL,R,R,
DR,DL,R,D,DL,DL,R,R,D,R,DR,R,UR,UR,U,
DR,D,DR,R,DR,R,D,R,D,DR,D,UR,UR,UR,U,
DR,D,R,DR,D,DL,R,R,D,R,UR,UR,UR,U,UL,
DR,D,DL,D,DR,R,D,R,R,UR,UR,UR,UR,U,UL,
DR,D,R,DR,D,DR,R,R,UR,R,UR,UR,UR,U,UL,
R,DL,DR,R,DR,R,DL,UR,U,UR,UR,UR,U,UL,UL,
R,DR,R,DR,D,R,UR,U,UR,UR,UR,UR,U,UL,UL,
R,D,DR,R,R,R,R,R,R,R,R,R,R,R,R,
R,R,R,R,R,R,R,R,R,R,R,R,R,R,R,
value,Cell(8,2) -0.258932348956123,-,-,-,-,-,-,
R,R,R,DR,DL,R,R,D,D,DL,R,DL,DL,R,R,
DR,DL,R,D,DL,DL,R,R,D,R,DR,R,UR,UR,U,
DR,D,DR,R,DR,R,D,R,D,DR,D,UR,UR,UR,U,
DR,D,R,DR,D,DL,R,R,D,R,UR,UR,UR,U,UL,
DR,D,DL,D,DR,R,D,R,R,UR,UR,UR,UR,U,UL,
DR,D,R,DR,D,DR,R,R,UR,R,UR,UR,UR,U,UL,
R,DL,DR,R,DR,R,DL,UR,U,UR,UR,UR,U,UL,UL,
R,DR,R,DR,D,R,UR,U,UR,UR,UR,UR,U,UL,UL,
R,D,DR,R,R,R,R,R,R,R,R,R,R,R,R,
R,R,R,R,R,R,R,R,R,R,R,R,R,R,R,
value,Cell(8,3) -0.259670951069844,-,-,-,-,-,-,
R,R,R,DR,DL,R,R,D,D,DL,R,DL,DL,R,R,
DR,DL,R,D,DL,DL,R,R,D,R,DR,R,UR,UR,U,
DR,D,DR,R,DR,R,D,R,D,DR,D,UR,UR,UR,U,
DR,D,R,DR,D,DL,R,R,D,R,UR,UR,UR,U,UL,
DR,D,DL,D,DR,R,D,R,R,UR,UR,UR,UR,U,UL,
DR,D,R,DR,D,DR,R,R,UR,R,UR,UR,UR,U,UL,
R,DL,DR,R,DR,R,DL,UR,U,UR,UR,UR,U,UL,UL,
R,DR,R,DR,D,R,UR,U,UR,UR,UR,UR,U,UL,UL,
R,D,DR,R,D,R,R,R,R,R,R,R,R,R,R,
R,R,R,R,R,R,R,R,R,R,R,R,R,R,R,
value,Cell(8,4) -0.172007528366957,-,-,-,-,-,-,
R,R,R,DR,DL,R,R,D,D,DL,R,DL,DL,R,R,
DR,DL,R,D,DL,DL,R,R,D,R,DR,R,UR,UR,U,
DR,D,DR,R,DR,R,D,R,D,DR,D,UR,UR,UR,U,
DR,D,R,DR,D,DL,R,R,D,R,UR,UR,UR,U,UL,
DR,D,DL,D,DR,R,D,R,R,UR,UR,UR,UR,U,UL,
DR,D,R,DR,D,DR,R,R,UR,R,UR,UR,UR,U,UL,
R,DL,DR,R,DR,R,DL,UR,U,UR,UR,UR,U,UL,UL,
R,DR,R,DR,D,R,UR,U,UR,UR,UR,UR,U,UL,UL,
R,D,DR,R,D,R,UR,R,R,R,R,R,R,R,R,
R,R,R,R,R,R,R,R,R,R,R,R,R,R,R,
value,Cell(8,6) 2.58267543152387,-,-,-,-,-,-,
R,R,R,DR,DL,R,R,D,D,DL,R,DL,DL,R,R,
DR,DL,R,D,DL,DL,R,R,D,R,DR,R,UR,UR,U,
DR,D,DR,R,DR,R,D,R,D,DR,D,UR,UR,UR,U,
DR,D,R,DR,D,DL,R,R,D,R,UR,UR,UR,U,UL,
DR,D,DL,D,DR,R,D,R,R,UR,UR,UR,UR,U,UL,
DR,D,R,DR,D,DR,R,R,UR,R,UR,UR,UR,U,UL,
R,DL,DR,R,DR,R,DL,UR,U,UR,UR,UR,U,UL,UL,
R,DR,R,DR,D,R,UR,U,UR,UR,UR,UR,U,UL,UL,
R,D,DR,R,D,R,UR,UR,R,R,R,R,R,R,R,
R,R,R,R,R,R,R,R,R,R,R,R,R,R,R,
value,Cell(8,7) 4.10420601635758,-,-,-,-,-,-,
R,R,R,DR,DL,R,R,D,D,DL,R,DL,DL,R,R,
DR,DL,R,D,DL,DL,R,R,D,R,DR,R,UR,UR,U,
DR,D,DR,R,DR,R,D,R,D,DR,D,UR,UR,UR,U,
DR,D,R,DR,D,DL,R,R,D,R,UR,UR,UR,U,UL,
DR,D,DL,D,DR,R,D,R,R,UR,UR,UR,UR,U,UL,
DR,D,R,DR,D,DR,R,R,UR,R,UR,UR,UR,U,UL,
R,DL,DR,R,DR,R,DL,UR,U,UR,UR,UR,U,UL,UL,
R,DR,R,DR,D,R,UR,U,UR,UR,UR,UR,U,UL,UL,
R,D,DR,R,D,R,UR,UR,DR,R,R,R,R,R,R,
R,R,R,R,R,R,R,R,R,R,R,R,R,R,R,
value,Cell(8,8) 8.21769642955723,-,-,-,-,-,-,
R,R,R,DR,DL,R,R,D,D,DL,R,DL,DL,R,R,
DR,DL,R,D,DL,DL,R,R,D,R,DR,R,UR,UR,U,
DR,D,DR,R,DR,R,D,R,D,DR,D,UR,UR,UR,U,
DR,D,R,DR,D,DL,R,R,D,R,UR,UR,UR,U,UL,
DR,D,DL,D,DR,R,D,R,R,UR,UR,UR,UR,U,UL,
DR,D,R,DR,D,DR,R,R,UR,R,UR,UR,UR,U,UL,
R,DL,DR,R,DR,R,DL,UR,U,UR,UR,UR,U,UL,UL,
R,DR,R,DR,D,R,UR,U,UR,UR,UR,UR,U,UL,UL,
R,D,DR,R,D,R,UR,UR,DR,D,R,R,R,R,R,
R,R,R,R,R,R,R,R,R,R,R,R,R,R,R,
value,Cell(8,9) 8.27343865333582,-,-,-,-,-,-,
R,R,R,DR,DL,R,R,D,D,DL,R,DL,DL,R,R,
DR,DL,R,D,DL,DL,R,R,D,R,DR,R,UR,UR,U,
DR,D,DR,R,DR,R,D,R,D,DR,D,UR,UR,UR,U,
DR,D,R,DR,D,DL,R,R,D,R,UR,UR,UR,U,UL,
DR,D,DL,D,DR,R,D,R,R,UR,UR,UR,UR,U,UL,
DR,D,R,DR,D,DR,R,R,UR,R,UR,UR,UR,U,UL,
R,DL,DR,R,DR,R,DL,UR,U,UR,UR,UR,U,UL,UL,
R,DR,R,DR,D,R,UR,U,UR,UR,UR,UR,U,UL,UL,
R,D,DR,R,D,R,UR,UR,DR,D,DL,R,R,R,R,
R,R,R,R,R,R,R,R,R,R,R,R,R,R,R,
value,Cell(8,10) 8.27744398206115,-,-,-,-,-,-,
R,R,R,DR,DL,R,R,D,D,DL,R,DL,DL,R,R,
DR,DL,R,D,DL,DL,R,R,D,R,DR,R,UR,UR,U,
DR,D,DR,R,DR,R,D,R,D,DR,D,UR,UR,UR,U,
DR,D,R,DR,D,DL,R,R,D,R,UR,UR,UR,U,UL,
DR,D,DL,D,DR,R,D,R,R,UR,UR,UR,UR,U,UL,
DR,D,R,DR,D,DR,R,R,UR,R,UR,UR,UR,U,UL,
R,DL,DR,R,DR,R,DL,UR,U,UR,UR,UR,U,UL,UL,
R,DR,R,DR,D,R,UR,U,UR,UR,UR,UR,U,UL,UL,
R,D,DR,R,D,R,UR,UR,DR,D,DL,L,R,R,R,
R,R,R,R,R,R,R,R,R,R,R,R,R,R,R,
value,Cell(8,11) 6.80888990431817,-,-,-,-,-,-,
R,R,R,DR,DL,R,R,D,D,DL,R,DL,DL,R,R,
DR,DL,R,D,DL,DL,R,R,D,R,DR,R,UR,UR,U,
DR,D,DR,R,DR,R,D,R,D,DR,D,UR,UR,UR,U,
DR,D,R,DR,D,DL,R,R,D,R,UR,UR,UR,U,UL,
DR,D,DL,D,DR,R,D,R,R,UR,UR,UR,UR,U,UL,
DR,D,R,DR,D,DR,R,R,UR,R,UR,UR,UR,U,UL,
R,DL,DR,R,DR,R,DL,UR,U,UR,UR,UR,U,UL,UL,
R,DR,R,DR,D,R,UR,U,UR,UR,UR,UR,U,UL,UL,
R,D,DR,R,D,R,UR,UR,DR,D,DL,L,L,R,R,
R,R,R,R,R,R,R,R,R,R,R,R,R,R,R,
value,Cell(8,12) 5.61944309872474,-,-,-,-,-,-,
R,R,R,DR,DL,R,R,D,D,DL,R,DL,DL,R,R,
DR,DL,R,D,DL,DL,R,R,D,R,DR,R,UR,UR,U,
DR,D,DR,R,DR,R,D,R,D,DR,D,UR,UR,UR,U,
DR,D,R,DR,D,DL,R,R,D,R,UR,UR,UR,U,UL,
DR,D,DL,D,DR,R,D,R,R,UR,UR,UR,UR,U,UL,
DR,D,R,DR,D,DR,R,R,UR,R,UR,UR,UR,U,UL,
R,DL,DR,R,DR,R,DL,UR,U,UR,UR,UR,U,UL,UL,
R,DR,R,DR,D,R,UR,U,UR,UR,UR,UR,U,UL,UL,
R,D,DR,R,D,R,UR,UR,DR,D,DL,L,L,L,R,
R,R,R,R,R,R,R,R,R,R,R,R,R,R,R,
value,Cell(8,13) 4.6554738648916,-,-,-,-,-,-,
R,R,R,DR,DL,R,R,D,D,DL,R,DL,DL,R,R,
DR,DL,R,D,DL,DL,R,R,D,R,DR,R,UR,UR,U,
DR,D,DR,R,DR,R,D,R,D,DR,D,UR,UR,UR,U,
DR,D,R,DR,D,DL,R,R,D,R,UR,UR,UR,U,UL,
DR,D,DL,D,DR,R,D,R,R,UR,UR,UR,UR,U,UL,
DR,D,R,DR,D,DR,R,R,UR,R,UR,UR,UR,U,UL,
R,DL,DR,R,DR,R,DL,UR,U,UR,UR,UR,U,UL,UL,
R,DR,R,DR,D,R,UR,U,UR,UR,UR,UR,U,UL,UL,
R,D,DR,R,D,R,UR,UR,DR,D,DL,L,L,L,UL,
R,R,R,R,R,R,R,R,R,R,R,R,R,R,R,
value,Cell(8,14) 4.43036602721651,-,-,-,-,-,-,
R,R,R,DR,DL,R,R,D,D,DL,R,DL,DL,R,R,
DR,DL,R,D,DL,DL,R,R,D,R,DR,R,UR,UR,U,
DR,D,DR,R,DR,R,D,R,D,DR,D,UR,UR,UR,U,
DR,D,R,DR,D,DL,R,R,D,R,UR,UR,UR,U,UL,
DR,D,DL,D,DR,R,D,R,R,UR,UR,UR,UR,U,UL,
DR,D,R,DR,D,DR,R,R,UR,R,UR,UR,UR,U,UL,
R,DL,DR,R,DR,R,DL,UR,U,UR,UR,UR,U,UL,UL,
R,DR,R,DR,D,R,UR,U,UR,UR,UR,UR,U,UL,UL,
R,D,DR,R,D,R,UR,UR,DR,D,DL,L,L,L,UL,
D,R,R,R,R,R,R,R,R,R,R,R,R,R,R,
value,Cell(9,0) -0.316205634621191,-,-,-,-,-,-,
R,R,R,DR,DL,R,R,D,D,DL,R,DL,DL,R,R,
DR,DL,R,D,DL,DL,R,R,D,R,DR,R,UR,UR,U,
DR,D,DR,R,DR,R,D,R,D,DR,D,UR,UR,UR,U,
DR,D,R,DR,D,DL,R,R,D,R,UR,UR,UR,U,UL,
DR,D,DL,D,DR,R,D,R,R,UR,UR,UR,UR,U,UL,
DR,D,R,DR,D,DR,R,R,UR,R,UR,UR,UR,U,UL,
R,DL,DR,R,DR,R,DL,UR,U,UR,UR,UR,U,UL,UL,
R,DR,R,DR,D,R,UR,U,UR,UR,UR,UR,U,UL,UL,
R,D,DR,R,D,R,UR,UR,DR,D,DL,L,L,L,UL,
D,DL,R,R,R,R,R,R,R,R,R,R,R,R,R,
value,Cell(9,1) -0.141021876473387,-,-,-,-,-,-,
R,R,R,DR,DL,R,R,D,D,DL,R,DL,DL,R,R,
DR,DL,R,D,DL,DL,R,R,D,R,DR,R,UR,UR,U,
DR,D,DR,R,DR,R,D,R,D,DR,D,UR,UR,UR,U,
DR,D,R,DR,D,DL,R,R,D,R,UR,UR,UR,U,UL,
DR,D,DL,D,DR,R,D,R,R,UR,UR,UR,UR,U,UL,
DR,D,R,DR,D,DR,R,R,UR,R,UR,UR,UR,U,UL,
R,DL,DR,R,DR,R,DL,UR,U,UR,UR,UR,U,UL,UL,
R,DR,R,DR,D,R,UR,U,UR,UR,UR,UR,U,UL,UL,
R,D,DR,R,D,R,UR,UR,DR,D,DL,L,L,L,UL,
D,DL,R,DL,R,R,R,R,R,R,R,R,R,R,R,
value,Cell(9,3) -0.136935497455536,-,-,-,-,-,-,
R,R,R,DR,DL,R,R,D,D,DL,R,DL,DL,R,R,
DR,DL,R,D,DL,DL,R,R,D,R,DR,R,UR,UR,U,
DR,D,DR,R,DR,R,D,R,D,DR,D,UR,UR,UR,U,
DR,D,R,DR,D,DL,R,R,D,R,UR,UR,UR,U,UL,
DR,D,DL,D,DR,R,D,R,R,UR,UR,UR,UR,U,UL,
DR,D,R,DR,D,DR,R,R,UR,R,UR,UR,UR,U,UL,
R,DL,DR,R,DR,R,DL,UR,U,UR,UR,UR,U,UL,UL,
R,DR,R,DR,D,R,UR,U,UR,UR,UR,UR,U,UL,UL,
R,D,DR,R,D,R,UR,UR,DR,D,DL,L,L,L,UL,
D,DL,R,DL,DL,R,R,R,R,R,R,R,R,R,R,
value,Cell(9,4) -0.135837525792031,-,-,-,-,-,-,
R,R,R,DR,DL,R,R,D,D,DL,R,DL,DL,R,R,
DR,DL,R,D,DL,DL,R,R,D,R,DR,R,UR,UR,U,
DR,D,DR,R,DR,R,D,R,D,DR,D,UR,UR,UR,U,
DR,D,R,DR,D,DL,R,R,D,R,UR,UR,UR,U,UL,
DR,D,DL,D,DR,R,D,R,R,UR,UR,UR,UR,U,UL,
DR,D,R,DR,D,DR,R,R,UR,R,UR,UR,UR,U,UL,
R,DL,DR,R,DR,R,DL,UR,U,UR,UR,UR,U,UL,UL,
R,DR,R,DR,D,R,UR,U,UR,UR,UR,UR,U,UL,UL,
R,D,DR,R,D,R,UR,UR,DR,D,DL,L,L,L,UL,
D,DL,R,DL,DL,UR,R,R,R,R,R,R,R,R,R,
value,Cell(9,5) 1.9584764940469,-,-,-,-,-,-,
R,R,R,DR,DL,R,R,D,D,DL,R,DL,DL,R,R,
DR,DL,R,D,DL,DL,R,R,D,R,DR,R,UR,UR,U,
DR,D,DR,R,DR,R,D,R,D,DR,D,UR,UR,UR,U,
DR,D,R,DR,D,DL,R,R,D,R,UR,UR,UR,U,UL,
DR,D,DL,D,DR,R,D,R,R,UR,UR,UR,UR,U,UL,
DR,D,R,DR,D,DR,R,R,UR,R,UR,UR,UR,U,UL,
R,DL,DR,R,DR,R,DL,UR,U,UR,UR,UR,U,UL,UL,
R,DR,R,DR,D,R,UR,U,UR,UR,UR,UR,U,UL,UL,
R,D,DR,R,D,R,UR,UR,DR,D,DL,L,L,L,UL,
D,DL,R,DL,DL,UR,UR,R,R,R,R,R,R,R,R,
value,Cell(9,6) 3.23455724057978,-,-,-,-,-,-,
R,R,R,DR,DL,R,R,D,D,DL,R,DL,DL,R,R,
DR,DL,R,D,DL,DL,R,R,D,R,DR,R,UR,UR,U,
DR,D,DR,R,DR,R,D,R,D,DR,D,UR,UR,UR,U,
DR,D,R,DR,D,DL,R,R,D,R,UR,UR,UR,U,UL,
DR,D,DL,D,DR,R,D,R,R,UR,UR,UR,UR,U,UL,
DR,D,R,DR,D,DR,R,R,UR,R,UR,UR,UR,U,UL,
R,DL,DR,R,DR,R,DL,UR,U,UR,UR,UR,U,UL,UL,
R,DR,R,DR,D,R,UR,U,UR,UR,UR,UR,U,UL,UL,
R,D,DR,R,D,R,UR,UR,DR,D,DL,L,L,L,UL,
D,DL,R,DL,DL,UR,UR,UR,R,R,R,R,R,R,R,
value,Cell(9,7) 6.70490705613751,-,-,-,-,-,-,
R,R,R,DR,DL,R,R,D,D,DL,R,DL,DL,R,R,
DR,DL,R,D,DL,DL,R,R,D,R,DR,R,UR,UR,U,
DR,D,DR,R,DR,R,D,R,D,DR,D,UR,UR,UR,U,
DR,D,R,DR,D,DL,R,R,D,R,UR,UR,UR,U,UL,
DR,D,DL,D,DR,R,D,R,R,UR,UR,UR,UR,U,UL,
DR,D,R,DR,D,DR,R,R,UR,R,UR,UR,UR,U,UL,
R,DL,DR,R,DR,R,DL,UR,U,UR,UR,UR,U,UL,UL,
R,DR,R,DR,D,R,UR,U,UR,UR,UR,UR,U,UL,UL,
R,D,DR,R,D,R,UR,UR,DR,D,DL,L,L,L,UL,
D,DL,R,DL,DL,UR,UR,UR,R,R,R,R,R,R,R,
value,Cell(9,8) 8.30534223339849,-,-,-,-,-,-,
R,R,R,DR,DL,R,R,D,D,DL,R,DL,DL,R,R,
DR,DL,R,D,DL,DL,R,R,D,R,DR,R,UR,UR,U,
DR,D,DR,R,DR,R,D,R,D,DR,D,UR,UR,UR,U,
DR,D,R,DR,D,DL,R,R,D,R,UR,UR,UR,U,UL,
DR,D,DL,D,DR,R,D,R,R,UR,UR,UR,UR,U,UL,
DR,D,R,DR,D,DR,R,R,UR,R,UR,UR,UR,U,UL,
R,DL,DR,R,DR,R,DL,UR,U,UR,UR,UR,U,UL,UL,
R,DR,R,DR,D,R,UR,U,UR,UR,UR,UR,U,UL,UL,
R,D,DR,R,D,R,UR,UR,DR,D,DL,L,L,L,UL,
D,DL,R,DL,DL,UR,UR,UR,R,R,L,R,R,R,R,
value,Cell(9,10) 8.26951795285744,-,-,-,-,-,-,
R,R,R,DR,DL,R,R,D,D,DL,R,DL,DL,R,R,
DR,DL,R,D,DL,DL,R,R,D,R,DR,R,UR,UR,U,
DR,D,DR,R,DR,R,D,R,D,DR,D,UR,UR,UR,U,
DR,D,R,DR,D,DL,R,R,D,R,UR,UR,UR,U,UL,
DR,D,DL,D,DR,R,D,R,R,UR,UR,UR,UR,U,UL,
DR,D,R,DR,D,DR,R,R,UR,R,UR,UR,UR,U,UL,
R,DL,DR,R,DR,R,DL,UR,U,UR,UR,UR,U,UL,UL,
R,DR,R,DR,D,R,UR,U,UR,UR,UR,UR,U,UL,UL,
R,D,DR,R,D,R,UR,UR,DR,D,DL,L,L,L,UL,
D,DL,R,DL,DL,UR,UR,UR,R,R,L,UL,R,R,R,
value,Cell(9,11) 6.85029028407264,-,-,-,-,-,-,
R,R,R,DR,DL,R,R,D,D,DL,R,DL,DL,R,R,
DR,DL,R,D,DL,DL,R,R,D,R,DR,R,UR,UR,U,
DR,D,DR,R,DR,R,D,R,D,DR,D,UR,UR,UR,U,
DR,D,R,DR,D,DL,R,R,D,R,UR,UR,UR,U,UL,
DR,D,DL,D,DR,R,D,R,R,UR,UR,UR,UR,U,UL,
DR,D,R,DR,D,DR,R,R,UR,R,UR,UR,UR,U,UL,
R,DL,DR,R,DR,R,DL,UR,U,UR,UR,UR,U,UL,UL,
R,DR,R,DR,D,R,UR,U,UR,UR,UR,UR,U,UL,UL,
R,D,DR,R,D,R,UR,UR,DR,D,DL,L,L,L,UL,
D,DL,R,DL,DL,UR,UR,UR,R,R,L,UL,L,R,R,
value,Cell(9,12) 5.66176939191025,-,-,-,-,-,-,
R,R,R,DR,DL,R,R,D,D,DL,R,DL,DL,R,R,
DR,DL,R,D,DL,DL,R,R,D,R,DR,R,UR,UR,U,
DR,D,DR,R,DR,R,D,R,D,DR,D,UR,UR,UR,U,
DR,D,R,DR,D,DL,R,R,D,R,UR,UR,UR,U,UL,
DR,D,DL,D,DR,R,D,R,R,UR,UR,UR,UR,U,UL,
DR,D,R,DR,D,DR,R,R,UR,R,UR,UR,UR,U,UL,
R,DL,DR,R,DR,R,DL,UR,U,UR,UR,UR,U,UL,UL,
R,DR,R,DR,D,R,UR,U,UR,UR,UR,UR,U,UL,UL,
R,D,DR,R,D,R,UR,UR,DR,D,DL,L,L,L,UL,
D,DL,R,DL,DL,UR,UR,UR,R,R,L,UL,L,L,R,
value,Cell(9,13) 4.6776607543648,-,-,-,-,-,-,
R,R,R,DR,DL,R,R,D,D,DL,R,DL,DL,R,R,
DR,DL,R,D,DL,DL,R,R,D,R,DR,R,UR,UR,U,
DR,D,DR,R,DR,R,D,R,D,DR,D,UR,UR,UR,U,
DR,D,R,DR,D,DL,R,R,D,R,UR,UR,UR,U,UL,
DR,D,DL,D,DR,R,D,R,R,UR,UR,UR,UR,U,UL,
DR,D,R,DR,D,DR,R,R,UR,R,UR,UR,UR,U,UL,
R,DL,DR,R,DR,R,DL,UR,U,UR,UR,UR,U,UL,UL,
R,DR,R,DR,D,R,UR,U,UR,UR,UR,UR,U,UL,UL,
R,D,DR,R,D,R,UR,UR,DR,D,DL,L,L,L,UL,
D,DL,R,DL,DL,UR,UR,UR,R,R,L,UL,L,L,L,
value,Cell(9,14) 3.83031777006446,-,-,-,-,-,-,
